ISO-10303-21;
HEADER;
/* Generated by software containing ST-Developer
 * from STEP Tools, Inc. (www.steptools.com) 
 */

FILE_DESCRIPTION(
/* description */ (''),
/* implementation_level */ '2;1');

FILE_NAME(
/* name */ 'Shell.step',
/* time_stamp */ '2026-09-27T09:13:55+05:30',
/* author */ (''),
/* organization */ (''),
/* preprocessor_version */ 'ST-DEVELOPER v20.2',
/* originating_system */ 'Autodesk Translation Framework v15.15.0.0',
/* authorisation */ '');

FILE_SCHEMA (('AUTOMOTIVE_DESIGN { 1 0 10303 214 3 1 1 }'));
ENDSEC;

DATA;
#10=MECHANICAL_DESIGN_GEOMETRIC_PRESENTATION_REPRESENTATION('',(#13),#2872);
#11=SHAPE_REPRESENTATION_RELATIONSHIP('SRR','None',#2879,#12);
#12=ADVANCED_BREP_SHAPE_REPRESENTATION('',(#14),#2871);
#13=STYLED_ITEM('',(#2889),#14);
#14=MANIFOLD_SOLID_BREP('Shell',#1528);
#15=TOROIDAL_SURFACE('',#1601,9.,4.);
#16=TOROIDAL_SURFACE('',#1607,9.,4.);
#17=TOROIDAL_SURFACE('',#1613,9.,4.);
#18=TOROIDAL_SURFACE('',#1619,9.,4.);
#19=TOROIDAL_SURFACE('',#1630,9.,4.);
#20=TOROIDAL_SURFACE('',#1637,9.,4.);
#21=TOROIDAL_SURFACE('',#1643,9.,4.);
#22=TOROIDAL_SURFACE('',#1650,9.,4.);
#23=(
BOUNDED_SURFACE()
B_SPLINE_SURFACE(2,2,((#2467,#2468,#2469),(#2470,#2471,#2472),(#2473,#2474,
#2475)),.UNSPECIFIED.,.F.,.F.,.F.)
B_SPLINE_SURFACE_WITH_KNOTS((3,3),(3,3),(-1.5707963267949,0.),(2.34765097045454,
3.14159265358979),.UNSPECIFIED.)
GEOMETRIC_REPRESENTATION_ITEM()
RATIONAL_B_SPLINE_SURFACE(((1.,0.922236376321358,1.),(0.707106781186546,
0.65211959555374,0.707106781186546),(1.,0.922236376321358,1.)))
REPRESENTATION_ITEM('')
SURFACE()
);
#24=(
BOUNDED_SURFACE()
B_SPLINE_SURFACE(2,2,((#2490,#2491,#2492),(#2493,#2494,#2495),(#2496,#2497,
#2498)),.UNSPECIFIED.,.F.,.F.,.F.)
B_SPLINE_SURFACE_WITH_KNOTS((3,3),(3,3),(-1.5707963267949,0.),(-3.14159265358979,
-1.5707963267949),.UNSPECIFIED.)
GEOMETRIC_REPRESENTATION_ITEM()
RATIONAL_B_SPLINE_SURFACE(((1.,0.707106781186548,1.),(0.707106781186547,
0.5,0.707106781186547),(1.,0.707106781186548,1.)))
REPRESENTATION_ITEM('')
SURFACE()
);
#25=(
BOUNDED_SURFACE()
B_SPLINE_SURFACE(2,2,((#2558,#2559,#2560),(#2561,#2562,#2563),(#2564,#2565,
#2566)),.UNSPECIFIED.,.F.,.F.,.F.)
B_SPLINE_SURFACE_WITH_KNOTS((3,3),(3,3),(-1.5707963267949,0.),(-1.5707963267949,
0.),.UNSPECIFIED.)
GEOMETRIC_REPRESENTATION_ITEM()
RATIONAL_B_SPLINE_SURFACE(((1.,0.707106781186548,1.),(0.707106781186548,
0.5,0.707106781186548),(1.,0.707106781186548,1.)))
REPRESENTATION_ITEM('')
SURFACE()
);
#26=(
BOUNDED_SURFACE()
B_SPLINE_SURFACE(2,2,((#2632,#2633,#2634),(#2635,#2636,#2637),(#2638,#2639,
#2640)),.UNSPECIFIED.,.F.,.F.,.F.)
B_SPLINE_SURFACE_WITH_KNOTS((3,3),(3,3),(-1.5707963267949,0.),(0.,0.565359594501501),
 .UNSPECIFIED.)
GEOMETRIC_REPRESENTATION_ITEM()
RATIONAL_B_SPLINE_SURFACE(((1.,0.960311411271867,1.),(0.707106781186545,
0.679042710961159,0.707106781186545),(1.,0.960311411271867,1.)))
REPRESENTATION_ITEM('')
SURFACE()
);
#27=(
BOUNDED_SURFACE()
B_SPLINE_SURFACE(2,2,((#2665,#2666,#2667),(#2668,#2669,#2670),(#2671,#2672,
#2673)),.UNSPECIFIED.,.F.,.F.,.F.)
B_SPLINE_SURFACE_WITH_KNOTS((3,3),(3,3),(-1.5707963267949,0.),(1.5707963267949,
2.34765097045454),.UNSPECIFIED.)
GEOMETRIC_REPRESENTATION_ITEM()
RATIONAL_B_SPLINE_SURFACE(((1.,0.925505829835618,1.),(0.707106781186547,
0.654431448304448,0.707106781186547),(1.,0.925505829835618,1.)))
REPRESENTATION_ITEM('')
SURFACE()
);
#28=SPHERICAL_SURFACE('',#1567,5.);
#29=SPHERICAL_SURFACE('',#1571,5.);
#30=SPHERICAL_SURFACE('',#1576,5.);
#31=SPHERICAL_SURFACE('',#1713,5.);
#32=FACE_BOUND('',#156,.T.);
#33=FACE_BOUND('',#159,.T.);
#34=FACE_BOUND('',#162,.T.);
#35=FACE_BOUND('',#166,.T.);
#36=FACE_BOUND('',#218,.T.);
#37=FACE_BOUND('',#219,.T.);
#38=FACE_BOUND('',#220,.T.);
#39=FACE_BOUND('',#221,.T.);
#40=FACE_BOUND('',#222,.T.);
#41=FACE_BOUND('',#223,.T.);
#42=PLANE('',#1545);
#43=PLANE('',#1551);
#44=PLANE('',#1556);
#45=PLANE('',#1565);
#46=PLANE('',#1662);
#47=PLANE('',#1665);
#48=PLANE('',#1668);
#49=PLANE('',#1671);
#50=PLANE('',#1674);
#51=PLANE('',#1677);
#52=PLANE('',#1682);
#53=PLANE('',#1685);
#54=PLANE('',#1688);
#55=PLANE('',#1702);
#56=PLANE('',#1705);
#57=PLANE('',#1707);
#58=PLANE('',#1709);
#59=PLANE('',#1716);
#60=PLANE('',#1718);
#61=PLANE('',#1720);
#62=PLANE('',#1723);
#63=PLANE('',#1725);
#64=PLANE('',#1727);
#65=PLANE('',#1728);
#66=PLANE('',#1729);
#67=FACE_OUTER_BOUND('',#154,.T.);
#68=FACE_OUTER_BOUND('',#155,.T.);
#69=FACE_OUTER_BOUND('',#157,.T.);
#70=FACE_OUTER_BOUND('',#158,.T.);
#71=FACE_OUTER_BOUND('',#160,.T.);
#72=FACE_OUTER_BOUND('',#161,.T.);
#73=FACE_OUTER_BOUND('',#163,.T.);
#74=FACE_OUTER_BOUND('',#164,.T.);
#75=FACE_OUTER_BOUND('',#165,.T.);
#76=FACE_OUTER_BOUND('',#167,.T.);
#77=FACE_OUTER_BOUND('',#168,.T.);
#78=FACE_OUTER_BOUND('',#169,.T.);
#79=FACE_OUTER_BOUND('',#170,.T.);
#80=FACE_OUTER_BOUND('',#171,.T.);
#81=FACE_OUTER_BOUND('',#172,.T.);
#82=FACE_OUTER_BOUND('',#173,.T.);
#83=FACE_OUTER_BOUND('',#174,.T.);
#84=FACE_OUTER_BOUND('',#175,.T.);
#85=FACE_OUTER_BOUND('',#176,.T.);
#86=FACE_OUTER_BOUND('',#177,.T.);
#87=FACE_OUTER_BOUND('',#178,.T.);
#88=FACE_OUTER_BOUND('',#179,.T.);
#89=FACE_OUTER_BOUND('',#180,.T.);
#90=FACE_OUTER_BOUND('',#181,.T.);
#91=FACE_OUTER_BOUND('',#182,.T.);
#92=FACE_OUTER_BOUND('',#183,.T.);
#93=FACE_OUTER_BOUND('',#184,.T.);
#94=FACE_OUTER_BOUND('',#185,.T.);
#95=FACE_OUTER_BOUND('',#186,.T.);
#96=FACE_OUTER_BOUND('',#187,.T.);
#97=FACE_OUTER_BOUND('',#188,.T.);
#98=FACE_OUTER_BOUND('',#189,.T.);
#99=FACE_OUTER_BOUND('',#190,.T.);
#100=FACE_OUTER_BOUND('',#191,.T.);
#101=FACE_OUTER_BOUND('',#192,.T.);
#102=FACE_OUTER_BOUND('',#193,.T.);
#103=FACE_OUTER_BOUND('',#194,.T.);
#104=FACE_OUTER_BOUND('',#195,.T.);
#105=FACE_OUTER_BOUND('',#196,.T.);
#106=FACE_OUTER_BOUND('',#197,.T.);
#107=FACE_OUTER_BOUND('',#198,.T.);
#108=FACE_OUTER_BOUND('',#199,.T.);
#109=FACE_OUTER_BOUND('',#200,.T.);
#110=FACE_OUTER_BOUND('',#201,.T.);
#111=FACE_OUTER_BOUND('',#202,.T.);
#112=FACE_OUTER_BOUND('',#203,.T.);
#113=FACE_OUTER_BOUND('',#204,.T.);
#114=FACE_OUTER_BOUND('',#205,.T.);
#115=FACE_OUTER_BOUND('',#206,.T.);
#116=FACE_OUTER_BOUND('',#207,.T.);
#117=FACE_OUTER_BOUND('',#208,.T.);
#118=FACE_OUTER_BOUND('',#209,.T.);
#119=FACE_OUTER_BOUND('',#210,.T.);
#120=FACE_OUTER_BOUND('',#211,.T.);
#121=FACE_OUTER_BOUND('',#212,.T.);
#122=FACE_OUTER_BOUND('',#213,.T.);
#123=FACE_OUTER_BOUND('',#214,.T.);
#124=FACE_OUTER_BOUND('',#215,.T.);
#125=FACE_OUTER_BOUND('',#216,.T.);
#126=FACE_OUTER_BOUND('',#217,.T.);
#127=FACE_OUTER_BOUND('',#224,.T.);
#128=FACE_OUTER_BOUND('',#225,.T.);
#129=FACE_OUTER_BOUND('',#226,.T.);
#130=FACE_OUTER_BOUND('',#227,.T.);
#131=FACE_OUTER_BOUND('',#228,.T.);
#132=FACE_OUTER_BOUND('',#229,.T.);
#133=FACE_OUTER_BOUND('',#230,.T.);
#134=FACE_OUTER_BOUND('',#231,.T.);
#135=FACE_OUTER_BOUND('',#232,.T.);
#136=FACE_OUTER_BOUND('',#233,.T.);
#137=FACE_OUTER_BOUND('',#234,.T.);
#138=FACE_OUTER_BOUND('',#235,.T.);
#139=FACE_OUTER_BOUND('',#236,.T.);
#140=FACE_OUTER_BOUND('',#237,.T.);
#141=FACE_OUTER_BOUND('',#238,.T.);
#142=FACE_OUTER_BOUND('',#239,.T.);
#143=FACE_OUTER_BOUND('',#240,.T.);
#144=FACE_OUTER_BOUND('',#241,.T.);
#145=FACE_OUTER_BOUND('',#242,.T.);
#146=FACE_OUTER_BOUND('',#243,.T.);
#147=FACE_OUTER_BOUND('',#244,.T.);
#148=FACE_OUTER_BOUND('',#245,.T.);
#149=FACE_OUTER_BOUND('',#246,.T.);
#150=FACE_OUTER_BOUND('',#247,.T.);
#151=FACE_OUTER_BOUND('',#248,.T.);
#152=FACE_OUTER_BOUND('',#249,.T.);
#153=FACE_OUTER_BOUND('',#250,.T.);
#154=EDGE_LOOP('',(#944,#945,#946,#947,#948,#949,#950,#951));
#155=EDGE_LOOP('',(#952));
#156=EDGE_LOOP('',(#953));
#157=EDGE_LOOP('',(#954,#955,#956,#957,#958,#959,#960,#961));
#158=EDGE_LOOP('',(#962));
#159=EDGE_LOOP('',(#963));
#160=EDGE_LOOP('',(#964,#965,#966,#967,#968,#969,#970,#971));
#161=EDGE_LOOP('',(#972));
#162=EDGE_LOOP('',(#973));
#163=EDGE_LOOP('',(#974,#975,#976,#977));
#164=EDGE_LOOP('',(#978,#979,#980,#981,#982,#983,#984,#985));
#165=EDGE_LOOP('',(#986,#987));
#166=EDGE_LOOP('',(#988));
#167=EDGE_LOOP('',(#989,#990,#991,#992));
#168=EDGE_LOOP('',(#993,#994,#995,#996));
#169=EDGE_LOOP('',(#997,#998,#999,#1000,#1001,#1002));
#170=EDGE_LOOP('',(#1003,#1004,#1005,#1006));
#171=EDGE_LOOP('',(#1007,#1008,#1009,#1010,#1011,#1012));
#172=EDGE_LOOP('',(#1013,#1014,#1015,#1016));
#173=EDGE_LOOP('',(#1017,#1018,#1019,#1020));
#174=EDGE_LOOP('',(#1021,#1022,#1023,#1024));
#175=EDGE_LOOP('',(#1025,#1026,#1027,#1028));
#176=EDGE_LOOP('',(#1029,#1030,#1031,#1032));
#177=EDGE_LOOP('',(#1033,#1034,#1035,#1036));
#178=EDGE_LOOP('',(#1037,#1038,#1039,#1040));
#179=EDGE_LOOP('',(#1041,#1042,#1043,#1044));
#180=EDGE_LOOP('',(#1045,#1046,#1047,#1048));
#181=EDGE_LOOP('',(#1049,#1050,#1051,#1052));
#182=EDGE_LOOP('',(#1053,#1054,#1055,#1056));
#183=EDGE_LOOP('',(#1057,#1058,#1059,#1060));
#184=EDGE_LOOP('',(#1061,#1062,#1063,#1064));
#185=EDGE_LOOP('',(#1065,#1066,#1067,#1068));
#186=EDGE_LOOP('',(#1069,#1070,#1071,#1072));
#187=EDGE_LOOP('',(#1073,#1074,#1075,#1076));
#188=EDGE_LOOP('',(#1077,#1078,#1079,#1080));
#189=EDGE_LOOP('',(#1081,#1082,#1083,#1084));
#190=EDGE_LOOP('',(#1085,#1086,#1087,#1088));
#191=EDGE_LOOP('',(#1089,#1090,#1091,#1092));
#192=EDGE_LOOP('',(#1093,#1094,#1095,#1096));
#193=EDGE_LOOP('',(#1097,#1098,#1099,#1100));
#194=EDGE_LOOP('',(#1101,#1102,#1103,#1104,#1105,#1106));
#195=EDGE_LOOP('',(#1107,#1108,#1109,#1110));
#196=EDGE_LOOP('',(#1111,#1112,#1113,#1114));
#197=EDGE_LOOP('',(#1115,#1116,#1117,#1118,#1119));
#198=EDGE_LOOP('',(#1120,#1121,#1122,#1123));
#199=EDGE_LOOP('',(#1124,#1125,#1126,#1127,#1128,#1129));
#200=EDGE_LOOP('',(#1130,#1131,#1132,#1133,#1134));
#201=EDGE_LOOP('',(#1135,#1136,#1137,#1138));
#202=EDGE_LOOP('',(#1139,#1140,#1141,#1142));
#203=EDGE_LOOP('',(#1143,#1144,#1145,#1146));
#204=EDGE_LOOP('',(#1147,#1148,#1149,#1150));
#205=EDGE_LOOP('',(#1151,#1152,#1153,#1154));
#206=EDGE_LOOP('',(#1155,#1156,#1157,#1158));
#207=EDGE_LOOP('',(#1159,#1160,#1161,#1162));
#208=EDGE_LOOP('',(#1163,#1164,#1165,#1166));
#209=EDGE_LOOP('',(#1167,#1168,#1169,#1170));
#210=EDGE_LOOP('',(#1171,#1172,#1173,#1174));
#211=EDGE_LOOP('',(#1175,#1176,#1177,#1178));
#212=EDGE_LOOP('',(#1179,#1180,#1181,#1182));
#213=EDGE_LOOP('',(#1183,#1184,#1185,#1186));
#214=EDGE_LOOP('',(#1187,#1188,#1189,#1190,#1191,#1192,#1193,#1194,#1195,
#1196,#1197,#1198,#1199,#1200,#1201,#1202,#1203,#1204,#1205,#1206,#1207,
#1208,#1209,#1210,#1211,#1212,#1213,#1214,#1215,#1216,#1217,#1218,#1219,
#1220,#1221,#1222,#1223,#1224,#1225));
#215=EDGE_LOOP('',(#1226,#1227,#1228,#1229,#1230));
#216=EDGE_LOOP('',(#1231,#1232,#1233,#1234,#1235));
#217=EDGE_LOOP('',(#1236,#1237,#1238,#1239,#1240,#1241,#1242,#1243));
#218=EDGE_LOOP('',(#1244,#1245,#1246,#1247,#1248,#1249,#1250,#1251));
#219=EDGE_LOOP('',(#1252,#1253,#1254,#1255,#1256,#1257,#1258,#1259,#1260,
#1261,#1262,#1263,#1264,#1265,#1266,#1267,#1268,#1269,#1270,#1271,#1272,
#1273,#1274));
#220=EDGE_LOOP('',(#1275));
#221=EDGE_LOOP('',(#1276));
#222=EDGE_LOOP('',(#1277));
#223=EDGE_LOOP('',(#1278));
#224=EDGE_LOOP('',(#1279,#1280,#1281,#1282,#1283));
#225=EDGE_LOOP('',(#1284,#1285,#1286,#1287));
#226=EDGE_LOOP('',(#1288,#1289,#1290,#1291));
#227=EDGE_LOOP('',(#1292,#1293,#1294,#1295));
#228=EDGE_LOOP('',(#1296,#1297,#1298,#1299));
#229=EDGE_LOOP('',(#1300,#1301,#1302,#1303));
#230=EDGE_LOOP('',(#1304,#1305,#1306,#1307));
#231=EDGE_LOOP('',(#1308,#1309,#1310,#1311));
#232=EDGE_LOOP('',(#1312,#1313,#1314,#1315));
#233=EDGE_LOOP('',(#1316,#1317,#1318,#1319,#1320,#1321,#1322,#1323));
#234=EDGE_LOOP('',(#1324,#1325,#1326,#1327,#1328,#1329));
#235=EDGE_LOOP('',(#1330,#1331,#1332,#1333));
#236=EDGE_LOOP('',(#1334,#1335,#1336,#1337));
#237=EDGE_LOOP('',(#1338,#1339,#1340,#1341));
#238=EDGE_LOOP('',(#1342,#1343,#1344,#1345));
#239=EDGE_LOOP('',(#1346,#1347,#1348,#1349));
#240=EDGE_LOOP('',(#1350,#1351,#1352,#1353));
#241=EDGE_LOOP('',(#1354,#1355,#1356,#1357));
#242=EDGE_LOOP('',(#1358,#1359,#1360,#1361));
#243=EDGE_LOOP('',(#1362,#1363,#1364,#1365));
#244=EDGE_LOOP('',(#1366,#1367,#1368,#1369,#1370));
#245=EDGE_LOOP('',(#1371,#1372,#1373,#1374));
#246=EDGE_LOOP('',(#1375,#1376,#1377,#1378));
#247=EDGE_LOOP('',(#1379,#1380,#1381,#1382));
#248=EDGE_LOOP('',(#1383,#1384,#1385,#1386));
#249=EDGE_LOOP('',(#1387,#1388,#1389,#1390,#1391));
#250=EDGE_LOOP('',(#1392,#1393,#1394,#1395));
#251=LINE('',#2261,#353);
#252=LINE('',#2286,#354);
#253=LINE('',#2349,#355);
#254=LINE('',#2374,#356);
#255=LINE('',#2377,#357);
#256=LINE('',#2438,#358);
#257=LINE('',#2439,#359);
#258=LINE('',#2447,#360);
#259=LINE('',#2450,#361);
#260=LINE('',#2454,#362);
#261=LINE('',#2458,#363);
#262=LINE('',#2462,#364);
#263=LINE('',#2466,#365);
#264=LINE('',#2488,#366);
#265=LINE('',#2489,#367);
#266=LINE('',#2508,#368);
#267=LINE('',#2509,#369);
#268=LINE('',#2520,#370);
#269=LINE('',#2521,#371);
#270=LINE('',#2532,#372);
#271=LINE('',#2533,#373);
#272=LINE('',#2544,#374);
#273=LINE('',#2545,#375);
#274=LINE('',#2556,#376);
#275=LINE('',#2557,#377);
#276=LINE('',#2576,#378);
#277=LINE('',#2577,#379);
#278=LINE('',#2591,#380);
#279=LINE('',#2592,#381);
#280=LINE('',#2603,#382);
#281=LINE('',#2604,#383);
#282=LINE('',#2616,#384);
#283=LINE('',#2617,#385);
#284=LINE('',#2628,#386);
#285=LINE('',#2630,#387);
#286=LINE('',#2652,#388);
#287=LINE('',#2664,#389);
#288=LINE('',#2694,#390);
#289=LINE('',#2696,#391);
#290=LINE('',#2697,#392);
#291=LINE('',#2700,#393);
#292=LINE('',#2704,#394);
#293=LINE('',#2705,#395);
#294=LINE('',#2708,#396);
#295=LINE('',#2712,#397);
#296=LINE('',#2713,#398);
#297=LINE('',#2716,#399);
#298=LINE('',#2720,#400);
#299=LINE('',#2721,#401);
#300=LINE('',#2724,#402);
#301=LINE('',#2728,#403);
#302=LINE('',#2729,#404);
#303=LINE('',#2732,#405);
#304=LINE('',#2736,#406);
#305=LINE('',#2737,#407);
#306=LINE('',#2740,#408);
#307=LINE('',#2744,#409);
#308=LINE('',#2747,#410);
#309=LINE('',#2748,#411);
#310=LINE('',#2750,#412);
#311=LINE('',#2754,#413);
#312=LINE('',#2757,#414);
#313=LINE('',#2760,#415);
#314=LINE('',#2762,#416);
#315=LINE('',#2763,#417);
#316=LINE('',#2766,#418);
#317=LINE('',#2773,#419);
#318=LINE('',#2777,#420);
#319=LINE('',#2781,#421);
#320=LINE('',#2784,#422);
#321=LINE('',#2786,#423);
#322=LINE('',#2790,#424);
#323=LINE('',#2794,#425);
#324=LINE('',#2797,#426);
#325=LINE('',#2801,#427);
#326=LINE('',#2805,#428);
#327=LINE('',#2809,#429);
#328=LINE('',#2813,#430);
#329=LINE('',#2816,#431);
#330=LINE('',#2817,#432);
#331=LINE('',#2819,#433);
#332=LINE('',#2822,#434);
#333=LINE('',#2823,#435);
#334=LINE('',#2825,#436);
#335=LINE('',#2827,#437);
#336=LINE('',#2828,#438);
#337=LINE('',#2831,#439);
#338=LINE('',#2834,#440);
#339=LINE('',#2837,#441);
#340=LINE('',#2842,#442);
#341=LINE('',#2843,#443);
#342=LINE('',#2845,#444);
#343=LINE('',#2847,#445);
#344=LINE('',#2849,#446);
#345=LINE('',#2851,#447);
#346=LINE('',#2853,#448);
#347=LINE('',#2855,#449);
#348=LINE('',#2857,#450);
#349=LINE('',#2858,#451);
#350=LINE('',#2860,#452);
#351=LINE('',#2862,#453);
#352=LINE('',#2864,#454);
#353=VECTOR('',#1736,4.5);
#354=VECTOR('',#1747,4.5);
#355=VECTOR('',#1760,4.5);
#356=VECTOR('',#1771,10.);
#357=VECTOR('',#1774,10.);
#358=VECTOR('',#1805,10.);
#359=VECTOR('',#1806,10.);
#360=VECTOR('',#1817,10.);
#361=VECTOR('',#1820,10.);
#362=VECTOR('',#1825,1.7);
#363=VECTOR('',#1830,1.7);
#364=VECTOR('',#1835,1.7);
#365=VECTOR('',#1840,1.7);
#366=VECTOR('',#1853,10.);
#367=VECTOR('',#1854,10.);
#368=VECTOR('',#1865,10.);
#369=VECTOR('',#1866,10.);
#370=VECTOR('',#1879,10.);
#371=VECTOR('',#1880,10.);
#372=VECTOR('',#1893,10.);
#373=VECTOR('',#1894,10.);
#374=VECTOR('',#1907,10.);
#375=VECTOR('',#1908,10.);
#376=VECTOR('',#1921,10.);
#377=VECTOR('',#1922,10.);
#378=VECTOR('',#1933,10.);
#379=VECTOR('',#1934,10.);
#380=VECTOR('',#1949,10.);
#381=VECTOR('',#1950,10.);
#382=VECTOR('',#1963,10.);
#383=VECTOR('',#1964,10.);
#384=VECTOR('',#1979,10.);
#385=VECTOR('',#1980,10.);
#386=VECTOR('',#1993,10.);
#387=VECTOR('',#1994,10.);
#388=VECTOR('',#2005,10.);
#389=VECTOR('',#2006,10.);
#390=VECTOR('',#2011,10.);
#391=VECTOR('',#2012,10.);
#392=VECTOR('',#2013,10.);
#393=VECTOR('',#2016,10.);
#394=VECTOR('',#2021,10.);
#395=VECTOR('',#2022,10.);
#396=VECTOR('',#2025,10.);
#397=VECTOR('',#2030,10.);
#398=VECTOR('',#2031,10.);
#399=VECTOR('',#2034,10.);
#400=VECTOR('',#2039,10.);
#401=VECTOR('',#2040,10.);
#402=VECTOR('',#2043,10.);
#403=VECTOR('',#2048,10.);
#404=VECTOR('',#2049,10.);
#405=VECTOR('',#2052,10.);
#406=VECTOR('',#2057,10.);
#407=VECTOR('',#2058,10.);
#408=VECTOR('',#2061,10.);
#409=VECTOR('',#2066,5.);
#410=VECTOR('',#2071,10.);
#411=VECTOR('',#2072,10.);
#412=VECTOR('',#2073,10.);
#413=VECTOR('',#2076,10.);
#414=VECTOR('',#2079,10.);
#415=VECTOR('',#2082,10.);
#416=VECTOR('',#2083,10.);
#417=VECTOR('',#2084,10.);
#418=VECTOR('',#2087,10.);
#419=VECTOR('',#2094,10.);
#420=VECTOR('',#2097,10.);
#421=VECTOR('',#2100,10.);
#422=VECTOR('',#2103,10.);
#423=VECTOR('',#2104,10.);
#424=VECTOR('',#2107,10.);
#425=VECTOR('',#2110,10.);
#426=VECTOR('',#2113,10.);
#427=VECTOR('',#2116,10.);
#428=VECTOR('',#2119,10.);
#429=VECTOR('',#2122,10.);
#430=VECTOR('',#2125,10.);
#431=VECTOR('',#2130,10.);
#432=VECTOR('',#2131,10.);
#433=VECTOR('',#2134,10.);
#434=VECTOR('',#2139,10.);
#435=VECTOR('',#2140,10.);
#436=VECTOR('',#2143,10.);
#437=VECTOR('',#2146,10.);
#438=VECTOR('',#2147,10.);
#439=VECTOR('',#2152,10.);
#440=VECTOR('',#2157,10.);
#441=VECTOR('',#2160,10.);
#442=VECTOR('',#2169,10.);
#443=VECTOR('',#2170,10.);
#444=VECTOR('',#2173,10.);
#445=VECTOR('',#2176,10.);
#446=VECTOR('',#2179,10.);
#447=VECTOR('',#2182,10.);
#448=VECTOR('',#2185,10.);
#449=VECTOR('',#2188,10.);
#450=VECTOR('',#2191,10.);
#451=VECTOR('',#2192,10.);
#452=VECTOR('',#2195,10.);
#453=VECTOR('',#2198,10.);
#454=VECTOR('',#2201,10.);
#455=CIRCLE('',#1543,4.5);
#456=CIRCLE('',#1544,4.5);
#457=CIRCLE('',#1546,1.7);
#458=CIRCLE('',#1548,4.5);
#459=CIRCLE('',#1549,4.5);
#460=CIRCLE('',#1550,4.5);
#461=CIRCLE('',#1552,1.7);
#462=CIRCLE('',#1554,4.5);
#463=CIRCLE('',#1555,4.5);
#464=CIRCLE('',#1557,1.7);
#465=CIRCLE('',#1559,9.);
#466=CIRCLE('',#1560,9.);
#467=CIRCLE('',#1562,4.5);
#468=CIRCLE('',#1563,4.5);
#469=CIRCLE('',#1564,4.5);
#470=CIRCLE('',#1566,1.7);
#471=CIRCLE('',#1568,5.);
#472=CIRCLE('',#1569,5.);
#473=CIRCLE('',#1570,5.);
#474=CIRCLE('',#1572,5.);
#475=CIRCLE('',#1573,5.);
#476=CIRCLE('',#1574,5.);
#477=CIRCLE('',#1577,5.);
#478=CIRCLE('',#1578,5.);
#479=CIRCLE('',#1579,5.);
#480=CIRCLE('',#1581,5.);
#481=CIRCLE('',#1583,1.7);
#482=CIRCLE('',#1585,1.7);
#483=CIRCLE('',#1587,1.7);
#484=CIRCLE('',#1589,1.7);
#485=CIRCLE('',#1590,4.);
#486=CIRCLE('',#1591,0.999999999999999);
#487=CIRCLE('',#1592,4.);
#488=CIRCLE('',#1593,5.);
#489=CIRCLE('',#1595,4.);
#490=CIRCLE('',#1596,4.);
#491=CIRCLE('',#1597,5.);
#492=CIRCLE('',#1598,0.999999999999999);
#493=CIRCLE('',#1600,4.);
#494=CIRCLE('',#1602,4.);
#495=CIRCLE('',#1603,5.);
#496=CIRCLE('',#1604,9.);
#497=CIRCLE('',#1606,4.);
#498=CIRCLE('',#1608,4.);
#499=CIRCLE('',#1609,5.);
#500=CIRCLE('',#1610,9.);
#501=CIRCLE('',#1612,4.);
#502=CIRCLE('',#1614,4.);
#503=CIRCLE('',#1615,5.);
#504=CIRCLE('',#1616,9.);
#505=CIRCLE('',#1618,4.);
#506=CIRCLE('',#1620,4.);
#507=CIRCLE('',#1621,5.);
#508=CIRCLE('',#1622,9.);
#509=CIRCLE('',#1624,4.);
#510=CIRCLE('',#1625,4.);
#511=CIRCLE('',#1626,5.);
#512=CIRCLE('',#1627,0.999999999999999);
#513=CIRCLE('',#1629,4.);
#514=CIRCLE('',#1631,4.);
#515=CIRCLE('',#1632,9.);
#516=CIRCLE('',#1633,4.);
#517=CIRCLE('',#1634,5.);
#518=CIRCLE('',#1636,4.);
#519=CIRCLE('',#1638,4.);
#520=CIRCLE('',#1639,5.);
#521=CIRCLE('',#1640,9.);
#522=CIRCLE('',#1642,4.);
#523=CIRCLE('',#1644,4.);
#524=CIRCLE('',#1645,5.);
#525=CIRCLE('',#1646,9.);
#526=CIRCLE('',#1647,9.);
#527=CIRCLE('',#1649,4.);
#528=CIRCLE('',#1651,4.);
#529=CIRCLE('',#1652,5.);
#530=CIRCLE('',#1653,9.);
#531=CIRCLE('',#1655,4.);
#532=CIRCLE('',#1656,4.);
#533=CIRCLE('',#1657,5.);
#534=CIRCLE('',#1658,1.);
#535=CIRCLE('',#1660,4.);
#536=CIRCLE('',#1661,5.);
#537=CIRCLE('',#1664,5.);
#538=CIRCLE('',#1667,5.);
#539=CIRCLE('',#1670,5.);
#540=CIRCLE('',#1673,5.);
#541=CIRCLE('',#1676,5.);
#542=CIRCLE('',#1679,5.);
#543=CIRCLE('',#1681,5.);
#544=CIRCLE('',#1683,1.01);
#545=CIRCLE('',#1684,1.01);
#546=CIRCLE('',#1687,1.01);
#547=CIRCLE('',#1689,5.);
#548=CIRCLE('',#1690,5.);
#549=CIRCLE('',#1691,5.);
#550=CIRCLE('',#1692,5.);
#551=CIRCLE('',#1693,1.01000000000001);
#552=CIRCLE('',#1694,1.01);
#553=CIRCLE('',#1695,1.01);
#554=CIRCLE('',#1696,5.);
#555=CIRCLE('',#1697,5.);
#556=CIRCLE('',#1698,5.);
#557=CIRCLE('',#1699,5.);
#558=CIRCLE('',#1700,5.);
#559=CIRCLE('',#1712,5.);
#560=CIRCLE('',#1714,5.);
#561=B_SPLINE_CURVE_WITH_KNOTS('',3,(#2214,#2215,#2216,#2217,#2218,#2219,
#2220,#2221,#2222,#2223,#2224,#2225),.UNSPECIFIED.,.F.,.F.,(4,2,2,2,2,4),
(0.940911614749548,1.06779500541973,1.24286513201432,1.42907284680964,1.52217670420729,
1.61528056160495),.UNSPECIFIED.);
#562=B_SPLINE_CURVE_WITH_KNOTS('',3,(#2229,#2230,#2231,#2232,#2233,#2234,
#2235,#2236,#2237,#2238,#2239,#2240,#2241,#2242),.UNSPECIFIED.,.F.,.F.,
(4,2,2,2,2,2,4),(1.31274034721621,1.36039869730506,1.49793733811436,1.63547597892366,
1.77303917914956,1.91060237937545,1.91341691198196),.UNSPECIFIED.);
#563=B_SPLINE_CURVE_WITH_KNOTS('',3,(#2244,#2245,#2246,#2247,#2248,#2249,
#2250,#2251,#2252,#2253),.UNSPECIFIED.,.F.,.F.,(4,2,2,2,4),(0.513828597828559,
0.531072139022265,0.727391968996343,0.923711798970421,1.0249414553466),
 .UNSPECIFIED.);
#564=B_SPLINE_CURVE_WITH_KNOTS('',3,(#2254,#2255,#2256,#2257,#2258,#2259),
 .UNSPECIFIED.,.F.,.F.,(4,2,4),(1.61528056160495,1.70838441900261,1.75799563259608),
 .UNSPECIFIED.);
#565=B_SPLINE_CURVE_WITH_KNOTS('',3,(#2269,#2270,#2271,#2272,#2273,#2274,
#2275,#2276,#2277,#2278,#2279,#2280,#2281,#2282),.UNSPECIFIED.,.F.,.F.,
(4,2,2,2,2,2,4),(0.807380482628116,0.810195015234665,0.947758215460561,
1.08532141568646,1.22286005649576,1.36039869730506,1.46411264073605),
 .UNSPECIFIED.);
#566=B_SPLINE_CURVE_WITH_KNOTS('',3,(#2291,#2292,#2293,#2294,#2295,#2296,
#2297,#2298,#2299,#2300,#2301,#2302,#2303,#2304),.UNSPECIFIED.,.F.,.F.,
(4,2,2,2,2,2,4),(1.28240165021021,1.4194558940323,1.56615469581216,1.71285349759202,
1.85931597989847,2.00577846220491,2.01220483655802),.UNSPECIFIED.);
#567=B_SPLINE_CURVE_WITH_KNOTS('',3,(#2305,#2306,#2307,#2308,#2309,#2310,
#2311,#2312),.UNSPECIFIED.,.F.,.F.,(4,2,2,4),(0.71631166754247,0.898583527679306,
1.08513286683627,1.1633285944113),.UNSPECIFIED.);
#568=B_SPLINE_CURVE_WITH_KNOTS('',3,(#2319,#2320,#2321,#2322,#2323,#2324,
#2325,#2326,#2327,#2328,#2329,#2330,#2331,#2332),.UNSPECIFIED.,.F.,.F.,
(4,2,2,2,2,2,4),(0.828099665409113,0.834501371224456,0.98149550824659,1.12848964526872,
1.27576762444872,1.42304560362871,1.53021638244658),.UNSPECIFIED.);
#569=B_SPLINE_CURVE_WITH_KNOTS('',3,(#2336,#2337,#2338,#2339,#2340,#2341,
#2342,#2343,#2344,#2345,#2346,#2347),.UNSPECIFIED.,.F.,.F.,(4,2,2,2,2,4),
(1.4143287216148,1.5602047701937,1.7060808187726,1.85178138427697,1.99748194978135,
2.00389548012504),.UNSPECIFIED.);
#570=B_SPLINE_CURVE_WITH_KNOTS('',3,(#2352,#2353,#2354,#2355),
 .UNSPECIFIED.,.F.,.F.,(4,4),(1.31153438531902,1.4143287216148),
 .UNSPECIFIED.);
#571=B_SPLINE_CURVE_WITH_KNOTS('',3,(#2356,#2357,#2358,#2359,#2360,#2361,
#2362,#2363,#2364,#2365),.UNSPECIFIED.,.F.,.F.,(4,2,2,2,4),(0.673384030020411,
0.724730621409667,0.919461527621455,1.11419243383324,1.15226653968755),
 .UNSPECIFIED.);
#572=B_SPLINE_CURVE_WITH_KNOTS('',3,(#2381,#2382,#2383,#2384,#2385,#2386,
#2387,#2388,#2389,#2390,#2391,#2392,#2393,#2394,#2395,#2396),
 .UNSPECIFIED.,.F.,.F.,(4,2,2,2,2,2,2,4),(1.28403563690827,1.30065498162077,
1.45283745426492,1.60501992690906,1.75720239955321,1.90854076419659,2.05987912883998,
2.06500961194702),.UNSPECIFIED.);
#573=B_SPLINE_CURVE_WITH_KNOTS('',3,(#2398,#2399,#2400,#2401,#2402,#2403,
#2404,#2405),.UNSPECIFIED.,.F.,.F.,(4,2,2,4),(0.758215519769334,0.886930791353064,
1.06862261266868,1.19139644945532),.UNSPECIFIED.);
#574=B_SPLINE_CURVE_WITH_KNOTS('',3,(#2407,#2408,#2409,#2410,#2411,#2412,
#2413,#2414,#2415,#2416,#2417,#2418),.UNSPECIFIED.,.F.,.F.,(4,2,2,2,2,4),
(0.797002747912025,0.922335941971636,1.05297780544044,1.18388533756947,
1.3147928696985,1.40329248112851),.UNSPECIFIED.);
#575=B_SPLINE_CURVE_WITH_KNOTS('',3,(#2646,#2647,#2648,#2649),
 .UNSPECIFIED.,.F.,.F.,(4,4),(0.309259414689994,0.339756133023202),
 .UNSPECIFIED.);
#576=B_SPLINE_CURVE_WITH_KNOTS('',3,(#2654,#2655,#2656,#2657,#2658,#2659,
#2660,#2661,#2662,#2663),.UNSPECIFIED.,.F.,.F.,(4,2,2,2,4),(0.152765931463826,
0.192184848616319,0.231603765768811,0.270433722621193,0.309263679473575),
 .UNSPECIFIED.);
#577=B_SPLINE_CURVE_WITH_KNOTS('',3,(#2675,#2676,#2677,#2678,#2679,#2680),
 .UNSPECIFIED.,.F.,.F.,(4,2,4),(-0.169434291001519,-0.152804243745562,-0.0668677733450895),
 .UNSPECIFIED.);
#578=B_SPLINE_CURVE_WITH_KNOTS('',3,(#2682,#2683,#2684,#2685,#2686,#2687,
#2688,#2689,#2690,#2691),.UNSPECIFIED.,.F.,.F.,(4,2,2,2,4),(0.0489462995986591,
0.0771047969694234,0.119194902121725,0.153966555093769,0.179862112846795),
 .UNSPECIFIED.);
#579=VERTEX_POINT('',#2212);
#580=VERTEX_POINT('',#2213);
#581=VERTEX_POINT('',#2226);
#582=VERTEX_POINT('',#2228);
#583=VERTEX_POINT('',#2243);
#584=VERTEX_POINT('',#2260);
#585=VERTEX_POINT('',#2264);
#586=VERTEX_POINT('',#2267);
#587=VERTEX_POINT('',#2268);
#588=VERTEX_POINT('',#2283);
#589=VERTEX_POINT('',#2285);
#590=VERTEX_POINT('',#2288);
#591=VERTEX_POINT('',#2290);
#592=VERTEX_POINT('',#2314);
#593=VERTEX_POINT('',#2317);
#594=VERTEX_POINT('',#2318);
#595=VERTEX_POINT('',#2333);
#596=VERTEX_POINT('',#2335);
#597=VERTEX_POINT('',#2348);
#598=VERTEX_POINT('',#2351);
#599=VERTEX_POINT('',#2367);
#600=VERTEX_POINT('',#2370);
#601=VERTEX_POINT('',#2371);
#602=VERTEX_POINT('',#2373);
#603=VERTEX_POINT('',#2375);
#604=VERTEX_POINT('',#2379);
#605=VERTEX_POINT('',#2380);
#606=VERTEX_POINT('',#2397);
#607=VERTEX_POINT('',#2406);
#608=VERTEX_POINT('',#2423);
#609=VERTEX_POINT('',#2426);
#610=VERTEX_POINT('',#2428);
#611=VERTEX_POINT('',#2432);
#612=VERTEX_POINT('',#2434);
#613=VERTEX_POINT('',#2441);
#614=VERTEX_POINT('',#2443);
#615=VERTEX_POINT('',#2448);
#616=VERTEX_POINT('',#2452);
#617=VERTEX_POINT('',#2456);
#618=VERTEX_POINT('',#2460);
#619=VERTEX_POINT('',#2464);
#620=VERTEX_POINT('',#2476);
#621=VERTEX_POINT('',#2477);
#622=VERTEX_POINT('',#2479);
#623=VERTEX_POINT('',#2481);
#624=VERTEX_POINT('',#2485);
#625=VERTEX_POINT('',#2486);
#626=VERTEX_POINT('',#2499);
#627=VERTEX_POINT('',#2500);
#628=VERTEX_POINT('',#2505);
#629=VERTEX_POINT('',#2506);
#630=VERTEX_POINT('',#2511);
#631=VERTEX_POINT('',#2512);
#632=VERTEX_POINT('',#2517);
#633=VERTEX_POINT('',#2518);
#634=VERTEX_POINT('',#2523);
#635=VERTEX_POINT('',#2524);
#636=VERTEX_POINT('',#2529);
#637=VERTEX_POINT('',#2530);
#638=VERTEX_POINT('',#2535);
#639=VERTEX_POINT('',#2536);
#640=VERTEX_POINT('',#2541);
#641=VERTEX_POINT('',#2542);
#642=VERTEX_POINT('',#2547);
#643=VERTEX_POINT('',#2548);
#644=VERTEX_POINT('',#2553);
#645=VERTEX_POINT('',#2554);
#646=VERTEX_POINT('',#2567);
#647=VERTEX_POINT('',#2568);
#648=VERTEX_POINT('',#2573);
#649=VERTEX_POINT('',#2574);
#650=VERTEX_POINT('',#2579);
#651=VERTEX_POINT('',#2580);
#652=VERTEX_POINT('',#2582);
#653=VERTEX_POINT('',#2584);
#654=VERTEX_POINT('',#2588);
#655=VERTEX_POINT('',#2589);
#656=VERTEX_POINT('',#2594);
#657=VERTEX_POINT('',#2595);
#658=VERTEX_POINT('',#2600);
#659=VERTEX_POINT('',#2601);
#660=VERTEX_POINT('',#2606);
#661=VERTEX_POINT('',#2607);
#662=VERTEX_POINT('',#2613);
#663=VERTEX_POINT('',#2614);
#664=VERTEX_POINT('',#2619);
#665=VERTEX_POINT('',#2620);
#666=VERTEX_POINT('',#2625);
#667=VERTEX_POINT('',#2626);
#668=VERTEX_POINT('',#2629);
#669=VERTEX_POINT('',#2644);
#670=VERTEX_POINT('',#2645);
#671=VERTEX_POINT('',#2650);
#672=VERTEX_POINT('',#2653);
#673=VERTEX_POINT('',#2674);
#674=VERTEX_POINT('',#2693);
#675=VERTEX_POINT('',#2695);
#676=VERTEX_POINT('',#2699);
#677=VERTEX_POINT('',#2703);
#678=VERTEX_POINT('',#2707);
#679=VERTEX_POINT('',#2711);
#680=VERTEX_POINT('',#2715);
#681=VERTEX_POINT('',#2719);
#682=VERTEX_POINT('',#2723);
#683=VERTEX_POINT('',#2727);
#684=VERTEX_POINT('',#2731);
#685=VERTEX_POINT('',#2735);
#686=VERTEX_POINT('',#2739);
#687=VERTEX_POINT('',#2743);
#688=VERTEX_POINT('',#2749);
#689=VERTEX_POINT('',#2751);
#690=VERTEX_POINT('',#2753);
#691=VERTEX_POINT('',#2755);
#692=VERTEX_POINT('',#2759);
#693=VERTEX_POINT('',#2761);
#694=VERTEX_POINT('',#2765);
#695=VERTEX_POINT('',#2769);
#696=VERTEX_POINT('',#2770);
#697=VERTEX_POINT('',#2772);
#698=VERTEX_POINT('',#2774);
#699=VERTEX_POINT('',#2776);
#700=VERTEX_POINT('',#2778);
#701=VERTEX_POINT('',#2780);
#702=VERTEX_POINT('',#2782);
#703=VERTEX_POINT('',#2785);
#704=VERTEX_POINT('',#2787);
#705=VERTEX_POINT('',#2789);
#706=VERTEX_POINT('',#2791);
#707=VERTEX_POINT('',#2793);
#708=VERTEX_POINT('',#2796);
#709=VERTEX_POINT('',#2798);
#710=VERTEX_POINT('',#2800);
#711=VERTEX_POINT('',#2802);
#712=VERTEX_POINT('',#2804);
#713=VERTEX_POINT('',#2806);
#714=VERTEX_POINT('',#2808);
#715=VERTEX_POINT('',#2810);
#716=VERTEX_POINT('',#2812);
#717=VERTEX_POINT('',#2836);
#718=EDGE_CURVE('',#579,#580,#561,.T.);
#719=EDGE_CURVE('',#581,#579,#455,.T.);
#720=EDGE_CURVE('',#582,#581,#562,.T.);
#721=EDGE_CURVE('',#583,#582,#563,.T.);
#722=EDGE_CURVE('',#580,#583,#564,.T.);
#723=EDGE_CURVE('',#580,#584,#251,.T.);
#724=EDGE_CURVE('',#584,#584,#456,.T.);
#725=EDGE_CURVE('',#585,#585,#457,.T.);
#726=EDGE_CURVE('',#586,#587,#565,.T.);
#727=EDGE_CURVE('',#588,#586,#458,.T.);
#728=EDGE_CURVE('',#588,#589,#252,.T.);
#729=EDGE_CURVE('',#589,#589,#459,.T.);
#730=EDGE_CURVE('',#590,#588,#460,.T.);
#731=EDGE_CURVE('',#591,#590,#566,.T.);
#732=EDGE_CURVE('',#587,#591,#567,.T.);
#733=EDGE_CURVE('',#592,#592,#461,.T.);
#734=EDGE_CURVE('',#593,#594,#568,.T.);
#735=EDGE_CURVE('',#595,#593,#462,.T.);
#736=EDGE_CURVE('',#596,#595,#569,.T.);
#737=EDGE_CURVE('',#596,#597,#253,.T.);
#738=EDGE_CURVE('',#597,#597,#463,.T.);
#739=EDGE_CURVE('',#598,#596,#570,.T.);
#740=EDGE_CURVE('',#594,#598,#571,.T.);
#741=EDGE_CURVE('',#599,#599,#464,.T.);
#742=EDGE_CURVE('',#600,#601,#465,.T.);
#743=EDGE_CURVE('',#600,#602,#254,.T.);
#744=EDGE_CURVE('',#602,#603,#466,.T.);
#745=EDGE_CURVE('',#601,#603,#255,.T.);
#746=EDGE_CURVE('',#604,#605,#572,.T.);
#747=EDGE_CURVE('',#606,#604,#573,.T.);
#748=EDGE_CURVE('',#607,#606,#574,.T.);
#749=EDGE_CURVE('',#601,#607,#467,.T.);
#750=EDGE_CURVE('',#603,#602,#468,.T.);
#751=EDGE_CURVE('',#605,#600,#469,.T.);
#752=EDGE_CURVE('',#608,#608,#470,.T.);
#753=EDGE_CURVE('',#609,#582,#471,.T.);
#754=EDGE_CURVE('',#609,#610,#472,.T.);
#755=EDGE_CURVE('',#583,#610,#473,.T.);
#756=EDGE_CURVE('',#611,#591,#474,.T.);
#757=EDGE_CURVE('',#611,#612,#475,.T.);
#758=EDGE_CURVE('',#587,#612,#476,.T.);
#759=EDGE_CURVE('',#581,#586,#256,.T.);
#760=EDGE_CURVE('',#612,#609,#257,.T.);
#761=EDGE_CURVE('',#613,#598,#477,.T.);
#762=EDGE_CURVE('',#613,#614,#478,.T.);
#763=EDGE_CURVE('',#594,#614,#479,.T.);
#764=EDGE_CURVE('',#590,#607,#258,.T.);
#765=EDGE_CURVE('',#606,#615,#480,.T.);
#766=EDGE_CURVE('',#615,#611,#259,.T.);
#767=EDGE_CURVE('',#616,#616,#481,.T.);
#768=EDGE_CURVE('',#616,#585,#260,.T.);
#769=EDGE_CURVE('',#617,#617,#482,.T.);
#770=EDGE_CURVE('',#617,#599,#261,.T.);
#771=EDGE_CURVE('',#618,#618,#483,.T.);
#772=EDGE_CURVE('',#618,#608,#262,.T.);
#773=EDGE_CURVE('',#619,#619,#484,.T.);
#774=EDGE_CURVE('',#619,#592,#263,.T.);
#775=EDGE_CURVE('',#620,#621,#485,.T.);
#776=EDGE_CURVE('',#621,#622,#486,.T.);
#777=EDGE_CURVE('',#622,#623,#487,.T.);
#778=EDGE_CURVE('',#623,#620,#488,.T.);
#779=EDGE_CURVE('',#624,#625,#489,.T.);
#780=EDGE_CURVE('',#625,#623,#264,.T.);
#781=EDGE_CURVE('',#622,#624,#265,.T.);
#782=EDGE_CURVE('',#626,#627,#490,.T.);
#783=EDGE_CURVE('',#627,#625,#491,.T.);
#784=EDGE_CURVE('',#624,#626,#492,.T.);
#785=EDGE_CURVE('',#628,#629,#493,.T.);
#786=EDGE_CURVE('',#629,#627,#266,.T.);
#787=EDGE_CURVE('',#626,#628,#267,.T.);
#788=EDGE_CURVE('',#630,#631,#494,.T.);
#789=EDGE_CURVE('',#631,#629,#495,.T.);
#790=EDGE_CURVE('',#628,#630,#496,.T.);
#791=EDGE_CURVE('',#632,#633,#497,.T.);
#792=EDGE_CURVE('',#633,#631,#268,.T.);
#793=EDGE_CURVE('',#630,#632,#269,.T.);
#794=EDGE_CURVE('',#634,#635,#498,.T.);
#795=EDGE_CURVE('',#635,#633,#499,.T.);
#796=EDGE_CURVE('',#632,#634,#500,.T.);
#797=EDGE_CURVE('',#636,#637,#501,.T.);
#798=EDGE_CURVE('',#637,#635,#270,.T.);
#799=EDGE_CURVE('',#634,#636,#271,.T.);
#800=EDGE_CURVE('',#638,#639,#502,.T.);
#801=EDGE_CURVE('',#639,#637,#503,.T.);
#802=EDGE_CURVE('',#636,#638,#504,.T.);
#803=EDGE_CURVE('',#640,#641,#505,.T.);
#804=EDGE_CURVE('',#641,#639,#272,.T.);
#805=EDGE_CURVE('',#638,#640,#273,.T.);
#806=EDGE_CURVE('',#642,#643,#506,.T.);
#807=EDGE_CURVE('',#643,#641,#507,.T.);
#808=EDGE_CURVE('',#640,#642,#508,.T.);
#809=EDGE_CURVE('',#644,#645,#509,.T.);
#810=EDGE_CURVE('',#645,#643,#274,.T.);
#811=EDGE_CURVE('',#642,#644,#275,.T.);
#812=EDGE_CURVE('',#646,#647,#510,.T.);
#813=EDGE_CURVE('',#647,#645,#511,.T.);
#814=EDGE_CURVE('',#644,#646,#512,.T.);
#815=EDGE_CURVE('',#648,#649,#513,.T.);
#816=EDGE_CURVE('',#649,#647,#276,.T.);
#817=EDGE_CURVE('',#646,#648,#277,.T.);
#818=EDGE_CURVE('',#650,#651,#514,.T.);
#819=EDGE_CURVE('',#651,#652,#515,.T.);
#820=EDGE_CURVE('',#652,#653,#516,.T.);
#821=EDGE_CURVE('',#653,#650,#517,.T.);
#822=EDGE_CURVE('',#654,#655,#518,.T.);
#823=EDGE_CURVE('',#655,#653,#278,.T.);
#824=EDGE_CURVE('',#652,#654,#279,.T.);
#825=EDGE_CURVE('',#656,#657,#519,.T.);
#826=EDGE_CURVE('',#657,#655,#520,.T.);
#827=EDGE_CURVE('',#654,#656,#521,.T.);
#828=EDGE_CURVE('',#658,#659,#522,.T.);
#829=EDGE_CURVE('',#659,#657,#280,.T.);
#830=EDGE_CURVE('',#656,#658,#281,.T.);
#831=EDGE_CURVE('',#660,#661,#523,.T.);
#832=EDGE_CURVE('',#661,#659,#524,.T.);
#833=EDGE_CURVE('',#658,#600,#525,.T.);
#834=EDGE_CURVE('',#601,#660,#526,.T.);
#835=EDGE_CURVE('',#662,#663,#527,.T.);
#836=EDGE_CURVE('',#663,#661,#282,.T.);
#837=EDGE_CURVE('',#660,#662,#283,.T.);
#838=EDGE_CURVE('',#664,#665,#528,.T.);
#839=EDGE_CURVE('',#665,#663,#529,.T.);
#840=EDGE_CURVE('',#662,#664,#530,.T.);
#841=EDGE_CURVE('',#666,#667,#531,.T.);
#842=EDGE_CURVE('',#667,#665,#284,.T.);
#843=EDGE_CURVE('',#664,#668,#285,.T.);
#844=EDGE_CURVE('',#668,#666,#532,.T.);
#845=EDGE_CURVE('',#650,#649,#533,.T.);
#846=EDGE_CURVE('',#648,#651,#534,.T.);
#847=EDGE_CURVE('',#669,#670,#575,.T.);
#848=EDGE_CURVE('',#670,#671,#535,.T.);
#849=EDGE_CURVE('',#671,#667,#286,.T.);
#850=EDGE_CURVE('',#666,#672,#576,.T.);
#851=EDGE_CURVE('',#672,#669,#287,.T.);
#852=EDGE_CURVE('',#673,#621,#577,.T.);
#853=EDGE_CURVE('',#620,#671,#536,.T.);
#854=EDGE_CURVE('',#670,#673,#578,.T.);
#855=EDGE_CURVE('',#674,#629,#288,.T.);
#856=EDGE_CURVE('',#674,#675,#289,.T.);
#857=EDGE_CURVE('',#627,#675,#290,.T.);
#858=EDGE_CURVE('',#631,#676,#291,.T.);
#859=EDGE_CURVE('',#676,#674,#537,.T.);
#860=EDGE_CURVE('',#677,#633,#292,.T.);
#861=EDGE_CURVE('',#677,#676,#293,.T.);
#862=EDGE_CURVE('',#635,#678,#294,.T.);
#863=EDGE_CURVE('',#678,#677,#538,.T.);
#864=EDGE_CURVE('',#679,#637,#295,.T.);
#865=EDGE_CURVE('',#679,#678,#296,.T.);
#866=EDGE_CURVE('',#639,#680,#297,.T.);
#867=EDGE_CURVE('',#680,#679,#539,.T.);
#868=EDGE_CURVE('',#681,#641,#298,.T.);
#869=EDGE_CURVE('',#681,#680,#299,.T.);
#870=EDGE_CURVE('',#643,#682,#300,.T.);
#871=EDGE_CURVE('',#682,#681,#540,.T.);
#872=EDGE_CURVE('',#683,#645,#301,.T.);
#873=EDGE_CURVE('',#683,#682,#302,.T.);
#874=EDGE_CURVE('',#647,#684,#303,.T.);
#875=EDGE_CURVE('',#684,#683,#541,.T.);
#876=EDGE_CURVE('',#685,#649,#304,.T.);
#877=EDGE_CURVE('',#685,#684,#305,.T.);
#878=EDGE_CURVE('',#650,#686,#306,.T.);
#879=EDGE_CURVE('',#686,#685,#542,.T.);
#880=EDGE_CURVE('',#653,#687,#307,.T.);
#881=EDGE_CURVE('',#686,#687,#543,.F.);
#882=EDGE_CURVE('',#595,#579,#308,.T.);
#883=EDGE_CURVE('',#605,#593,#309,.T.);
#884=EDGE_CURVE('',#621,#688,#310,.T.);
#885=EDGE_CURVE('',#688,#689,#544,.T.);
#886=EDGE_CURVE('',#689,#690,#311,.T.);
#887=EDGE_CURVE('',#690,#691,#545,.T.);
#888=EDGE_CURVE('',#691,#668,#312,.T.);
#889=EDGE_CURVE('',#692,#673,#313,.T.);
#890=EDGE_CURVE('',#692,#693,#314,.T.);
#891=EDGE_CURVE('',#693,#688,#315,.T.);
#892=EDGE_CURVE('',#694,#669,#316,.T.);
#893=EDGE_CURVE('',#694,#692,#546,.T.);
#894=EDGE_CURVE('',#695,#696,#547,.T.);
#895=EDGE_CURVE('',#695,#697,#317,.T.);
#896=EDGE_CURVE('',#698,#697,#548,.T.);
#897=EDGE_CURVE('',#698,#699,#318,.T.);
#898=EDGE_CURVE('',#700,#699,#549,.T.);
#899=EDGE_CURVE('',#700,#701,#319,.T.);
#900=EDGE_CURVE('',#702,#701,#550,.T.);
#901=EDGE_CURVE('',#702,#696,#320,.T.);
#902=EDGE_CURVE('',#703,#694,#321,.T.);
#903=EDGE_CURVE('',#704,#703,#551,.T.);
#904=EDGE_CURVE('',#705,#704,#322,.T.);
#905=EDGE_CURVE('',#706,#705,#552,.T.);
#906=EDGE_CURVE('',#707,#706,#323,.T.);
#907=EDGE_CURVE('',#693,#707,#553,.T.);
#908=EDGE_CURVE('',#708,#687,#324,.T.);
#909=EDGE_CURVE('',#709,#708,#554,.T.);
#910=EDGE_CURVE('',#710,#709,#325,.T.);
#911=EDGE_CURVE('',#711,#710,#555,.T.);
#912=EDGE_CURVE('',#712,#711,#326,.T.);
#913=EDGE_CURVE('',#713,#712,#556,.T.);
#914=EDGE_CURVE('',#714,#713,#327,.T.);
#915=EDGE_CURVE('',#715,#714,#557,.T.);
#916=EDGE_CURVE('',#716,#715,#328,.T.);
#917=EDGE_CURVE('',#675,#716,#558,.T.);
#918=EDGE_CURVE('',#623,#715,#329,.T.);
#919=EDGE_CURVE('',#714,#671,#330,.T.);
#920=EDGE_CURVE('',#716,#625,#331,.T.);
#921=EDGE_CURVE('',#661,#711,#332,.T.);
#922=EDGE_CURVE('',#710,#659,#333,.T.);
#923=EDGE_CURVE('',#657,#709,#334,.T.);
#924=EDGE_CURVE('',#665,#713,#335,.T.);
#925=EDGE_CURVE('',#712,#663,#336,.T.);
#926=EDGE_CURVE('',#708,#655,#337,.T.);
#927=EDGE_CURVE('',#610,#613,#338,.T.);
#928=EDGE_CURVE('',#614,#717,#339,.T.);
#929=EDGE_CURVE('',#717,#604,#559,.T.);
#930=EDGE_CURVE('',#717,#615,#560,.T.);
#931=EDGE_CURVE('',#611,#702,#340,.T.);
#932=EDGE_CURVE('',#701,#612,#341,.T.);
#933=EDGE_CURVE('',#696,#615,#342,.T.);
#934=EDGE_CURVE('',#717,#695,#343,.T.);
#935=EDGE_CURVE('',#697,#614,#344,.T.);
#936=EDGE_CURVE('',#613,#698,#345,.T.);
#937=EDGE_CURVE('',#699,#610,#346,.T.);
#938=EDGE_CURVE('',#609,#700,#347,.T.);
#939=EDGE_CURVE('',#704,#666,#348,.T.);
#940=EDGE_CURVE('',#703,#672,#349,.T.);
#941=EDGE_CURVE('',#705,#691,#350,.T.);
#942=EDGE_CURVE('',#706,#690,#351,.T.);
#943=EDGE_CURVE('',#707,#689,#352,.T.);
#944=ORIENTED_EDGE('',*,*,#718,.F.);
#945=ORIENTED_EDGE('',*,*,#719,.F.);
#946=ORIENTED_EDGE('',*,*,#720,.F.);
#947=ORIENTED_EDGE('',*,*,#721,.F.);
#948=ORIENTED_EDGE('',*,*,#722,.F.);
#949=ORIENTED_EDGE('',*,*,#723,.T.);
#950=ORIENTED_EDGE('',*,*,#724,.T.);
#951=ORIENTED_EDGE('',*,*,#723,.F.);
#952=ORIENTED_EDGE('',*,*,#724,.F.);
#953=ORIENTED_EDGE('',*,*,#725,.F.);
#954=ORIENTED_EDGE('',*,*,#726,.F.);
#955=ORIENTED_EDGE('',*,*,#727,.F.);
#956=ORIENTED_EDGE('',*,*,#728,.T.);
#957=ORIENTED_EDGE('',*,*,#729,.T.);
#958=ORIENTED_EDGE('',*,*,#728,.F.);
#959=ORIENTED_EDGE('',*,*,#730,.F.);
#960=ORIENTED_EDGE('',*,*,#731,.F.);
#961=ORIENTED_EDGE('',*,*,#732,.F.);
#962=ORIENTED_EDGE('',*,*,#729,.F.);
#963=ORIENTED_EDGE('',*,*,#733,.F.);
#964=ORIENTED_EDGE('',*,*,#734,.F.);
#965=ORIENTED_EDGE('',*,*,#735,.F.);
#966=ORIENTED_EDGE('',*,*,#736,.F.);
#967=ORIENTED_EDGE('',*,*,#737,.T.);
#968=ORIENTED_EDGE('',*,*,#738,.T.);
#969=ORIENTED_EDGE('',*,*,#737,.F.);
#970=ORIENTED_EDGE('',*,*,#739,.F.);
#971=ORIENTED_EDGE('',*,*,#740,.F.);
#972=ORIENTED_EDGE('',*,*,#738,.F.);
#973=ORIENTED_EDGE('',*,*,#741,.F.);
#974=ORIENTED_EDGE('',*,*,#742,.F.);
#975=ORIENTED_EDGE('',*,*,#743,.T.);
#976=ORIENTED_EDGE('',*,*,#744,.T.);
#977=ORIENTED_EDGE('',*,*,#745,.F.);
#978=ORIENTED_EDGE('',*,*,#746,.F.);
#979=ORIENTED_EDGE('',*,*,#747,.F.);
#980=ORIENTED_EDGE('',*,*,#748,.F.);
#981=ORIENTED_EDGE('',*,*,#749,.F.);
#982=ORIENTED_EDGE('',*,*,#745,.T.);
#983=ORIENTED_EDGE('',*,*,#750,.T.);
#984=ORIENTED_EDGE('',*,*,#743,.F.);
#985=ORIENTED_EDGE('',*,*,#751,.F.);
#986=ORIENTED_EDGE('',*,*,#750,.F.);
#987=ORIENTED_EDGE('',*,*,#744,.F.);
#988=ORIENTED_EDGE('',*,*,#752,.F.);
#989=ORIENTED_EDGE('',*,*,#721,.T.);
#990=ORIENTED_EDGE('',*,*,#753,.F.);
#991=ORIENTED_EDGE('',*,*,#754,.T.);
#992=ORIENTED_EDGE('',*,*,#755,.F.);
#993=ORIENTED_EDGE('',*,*,#732,.T.);
#994=ORIENTED_EDGE('',*,*,#756,.F.);
#995=ORIENTED_EDGE('',*,*,#757,.T.);
#996=ORIENTED_EDGE('',*,*,#758,.F.);
#997=ORIENTED_EDGE('',*,*,#720,.T.);
#998=ORIENTED_EDGE('',*,*,#759,.T.);
#999=ORIENTED_EDGE('',*,*,#726,.T.);
#1000=ORIENTED_EDGE('',*,*,#758,.T.);
#1001=ORIENTED_EDGE('',*,*,#760,.T.);
#1002=ORIENTED_EDGE('',*,*,#753,.T.);
#1003=ORIENTED_EDGE('',*,*,#740,.T.);
#1004=ORIENTED_EDGE('',*,*,#761,.F.);
#1005=ORIENTED_EDGE('',*,*,#762,.T.);
#1006=ORIENTED_EDGE('',*,*,#763,.F.);
#1007=ORIENTED_EDGE('',*,*,#731,.T.);
#1008=ORIENTED_EDGE('',*,*,#764,.T.);
#1009=ORIENTED_EDGE('',*,*,#748,.T.);
#1010=ORIENTED_EDGE('',*,*,#765,.T.);
#1011=ORIENTED_EDGE('',*,*,#766,.T.);
#1012=ORIENTED_EDGE('',*,*,#756,.T.);
#1013=ORIENTED_EDGE('',*,*,#767,.F.);
#1014=ORIENTED_EDGE('',*,*,#768,.T.);
#1015=ORIENTED_EDGE('',*,*,#725,.T.);
#1016=ORIENTED_EDGE('',*,*,#768,.F.);
#1017=ORIENTED_EDGE('',*,*,#769,.F.);
#1018=ORIENTED_EDGE('',*,*,#770,.T.);
#1019=ORIENTED_EDGE('',*,*,#741,.T.);
#1020=ORIENTED_EDGE('',*,*,#770,.F.);
#1021=ORIENTED_EDGE('',*,*,#771,.F.);
#1022=ORIENTED_EDGE('',*,*,#772,.T.);
#1023=ORIENTED_EDGE('',*,*,#752,.T.);
#1024=ORIENTED_EDGE('',*,*,#772,.F.);
#1025=ORIENTED_EDGE('',*,*,#773,.F.);
#1026=ORIENTED_EDGE('',*,*,#774,.T.);
#1027=ORIENTED_EDGE('',*,*,#733,.T.);
#1028=ORIENTED_EDGE('',*,*,#774,.F.);
#1029=ORIENTED_EDGE('',*,*,#775,.T.);
#1030=ORIENTED_EDGE('',*,*,#776,.T.);
#1031=ORIENTED_EDGE('',*,*,#777,.T.);
#1032=ORIENTED_EDGE('',*,*,#778,.T.);
#1033=ORIENTED_EDGE('',*,*,#779,.T.);
#1034=ORIENTED_EDGE('',*,*,#780,.T.);
#1035=ORIENTED_EDGE('',*,*,#777,.F.);
#1036=ORIENTED_EDGE('',*,*,#781,.T.);
#1037=ORIENTED_EDGE('',*,*,#782,.T.);
#1038=ORIENTED_EDGE('',*,*,#783,.T.);
#1039=ORIENTED_EDGE('',*,*,#779,.F.);
#1040=ORIENTED_EDGE('',*,*,#784,.T.);
#1041=ORIENTED_EDGE('',*,*,#785,.T.);
#1042=ORIENTED_EDGE('',*,*,#786,.T.);
#1043=ORIENTED_EDGE('',*,*,#782,.F.);
#1044=ORIENTED_EDGE('',*,*,#787,.T.);
#1045=ORIENTED_EDGE('',*,*,#788,.T.);
#1046=ORIENTED_EDGE('',*,*,#789,.T.);
#1047=ORIENTED_EDGE('',*,*,#785,.F.);
#1048=ORIENTED_EDGE('',*,*,#790,.T.);
#1049=ORIENTED_EDGE('',*,*,#791,.T.);
#1050=ORIENTED_EDGE('',*,*,#792,.T.);
#1051=ORIENTED_EDGE('',*,*,#788,.F.);
#1052=ORIENTED_EDGE('',*,*,#793,.T.);
#1053=ORIENTED_EDGE('',*,*,#794,.T.);
#1054=ORIENTED_EDGE('',*,*,#795,.T.);
#1055=ORIENTED_EDGE('',*,*,#791,.F.);
#1056=ORIENTED_EDGE('',*,*,#796,.T.);
#1057=ORIENTED_EDGE('',*,*,#797,.T.);
#1058=ORIENTED_EDGE('',*,*,#798,.T.);
#1059=ORIENTED_EDGE('',*,*,#794,.F.);
#1060=ORIENTED_EDGE('',*,*,#799,.T.);
#1061=ORIENTED_EDGE('',*,*,#800,.T.);
#1062=ORIENTED_EDGE('',*,*,#801,.T.);
#1063=ORIENTED_EDGE('',*,*,#797,.F.);
#1064=ORIENTED_EDGE('',*,*,#802,.T.);
#1065=ORIENTED_EDGE('',*,*,#803,.T.);
#1066=ORIENTED_EDGE('',*,*,#804,.T.);
#1067=ORIENTED_EDGE('',*,*,#800,.F.);
#1068=ORIENTED_EDGE('',*,*,#805,.T.);
#1069=ORIENTED_EDGE('',*,*,#806,.T.);
#1070=ORIENTED_EDGE('',*,*,#807,.T.);
#1071=ORIENTED_EDGE('',*,*,#803,.F.);
#1072=ORIENTED_EDGE('',*,*,#808,.T.);
#1073=ORIENTED_EDGE('',*,*,#809,.T.);
#1074=ORIENTED_EDGE('',*,*,#810,.T.);
#1075=ORIENTED_EDGE('',*,*,#806,.F.);
#1076=ORIENTED_EDGE('',*,*,#811,.T.);
#1077=ORIENTED_EDGE('',*,*,#812,.T.);
#1078=ORIENTED_EDGE('',*,*,#813,.T.);
#1079=ORIENTED_EDGE('',*,*,#809,.F.);
#1080=ORIENTED_EDGE('',*,*,#814,.T.);
#1081=ORIENTED_EDGE('',*,*,#815,.T.);
#1082=ORIENTED_EDGE('',*,*,#816,.T.);
#1083=ORIENTED_EDGE('',*,*,#812,.F.);
#1084=ORIENTED_EDGE('',*,*,#817,.T.);
#1085=ORIENTED_EDGE('',*,*,#818,.T.);
#1086=ORIENTED_EDGE('',*,*,#819,.T.);
#1087=ORIENTED_EDGE('',*,*,#820,.T.);
#1088=ORIENTED_EDGE('',*,*,#821,.T.);
#1089=ORIENTED_EDGE('',*,*,#822,.T.);
#1090=ORIENTED_EDGE('',*,*,#823,.T.);
#1091=ORIENTED_EDGE('',*,*,#820,.F.);
#1092=ORIENTED_EDGE('',*,*,#824,.T.);
#1093=ORIENTED_EDGE('',*,*,#825,.T.);
#1094=ORIENTED_EDGE('',*,*,#826,.T.);
#1095=ORIENTED_EDGE('',*,*,#822,.F.);
#1096=ORIENTED_EDGE('',*,*,#827,.T.);
#1097=ORIENTED_EDGE('',*,*,#828,.T.);
#1098=ORIENTED_EDGE('',*,*,#829,.T.);
#1099=ORIENTED_EDGE('',*,*,#825,.F.);
#1100=ORIENTED_EDGE('',*,*,#830,.T.);
#1101=ORIENTED_EDGE('',*,*,#831,.T.);
#1102=ORIENTED_EDGE('',*,*,#832,.T.);
#1103=ORIENTED_EDGE('',*,*,#828,.F.);
#1104=ORIENTED_EDGE('',*,*,#833,.T.);
#1105=ORIENTED_EDGE('',*,*,#742,.T.);
#1106=ORIENTED_EDGE('',*,*,#834,.T.);
#1107=ORIENTED_EDGE('',*,*,#835,.T.);
#1108=ORIENTED_EDGE('',*,*,#836,.T.);
#1109=ORIENTED_EDGE('',*,*,#831,.F.);
#1110=ORIENTED_EDGE('',*,*,#837,.T.);
#1111=ORIENTED_EDGE('',*,*,#838,.T.);
#1112=ORIENTED_EDGE('',*,*,#839,.T.);
#1113=ORIENTED_EDGE('',*,*,#835,.F.);
#1114=ORIENTED_EDGE('',*,*,#840,.T.);
#1115=ORIENTED_EDGE('',*,*,#841,.T.);
#1116=ORIENTED_EDGE('',*,*,#842,.T.);
#1117=ORIENTED_EDGE('',*,*,#838,.F.);
#1118=ORIENTED_EDGE('',*,*,#843,.T.);
#1119=ORIENTED_EDGE('',*,*,#844,.T.);
#1120=ORIENTED_EDGE('',*,*,#818,.F.);
#1121=ORIENTED_EDGE('',*,*,#845,.T.);
#1122=ORIENTED_EDGE('',*,*,#815,.F.);
#1123=ORIENTED_EDGE('',*,*,#846,.T.);
#1124=ORIENTED_EDGE('',*,*,#847,.T.);
#1125=ORIENTED_EDGE('',*,*,#848,.T.);
#1126=ORIENTED_EDGE('',*,*,#849,.T.);
#1127=ORIENTED_EDGE('',*,*,#841,.F.);
#1128=ORIENTED_EDGE('',*,*,#850,.T.);
#1129=ORIENTED_EDGE('',*,*,#851,.T.);
#1130=ORIENTED_EDGE('',*,*,#852,.T.);
#1131=ORIENTED_EDGE('',*,*,#775,.F.);
#1132=ORIENTED_EDGE('',*,*,#853,.T.);
#1133=ORIENTED_EDGE('',*,*,#848,.F.);
#1134=ORIENTED_EDGE('',*,*,#854,.T.);
#1135=ORIENTED_EDGE('',*,*,#786,.F.);
#1136=ORIENTED_EDGE('',*,*,#855,.F.);
#1137=ORIENTED_EDGE('',*,*,#856,.T.);
#1138=ORIENTED_EDGE('',*,*,#857,.F.);
#1139=ORIENTED_EDGE('',*,*,#789,.F.);
#1140=ORIENTED_EDGE('',*,*,#858,.T.);
#1141=ORIENTED_EDGE('',*,*,#859,.T.);
#1142=ORIENTED_EDGE('',*,*,#855,.T.);
#1143=ORIENTED_EDGE('',*,*,#792,.F.);
#1144=ORIENTED_EDGE('',*,*,#860,.F.);
#1145=ORIENTED_EDGE('',*,*,#861,.T.);
#1146=ORIENTED_EDGE('',*,*,#858,.F.);
#1147=ORIENTED_EDGE('',*,*,#795,.F.);
#1148=ORIENTED_EDGE('',*,*,#862,.T.);
#1149=ORIENTED_EDGE('',*,*,#863,.T.);
#1150=ORIENTED_EDGE('',*,*,#860,.T.);
#1151=ORIENTED_EDGE('',*,*,#798,.F.);
#1152=ORIENTED_EDGE('',*,*,#864,.F.);
#1153=ORIENTED_EDGE('',*,*,#865,.T.);
#1154=ORIENTED_EDGE('',*,*,#862,.F.);
#1155=ORIENTED_EDGE('',*,*,#801,.F.);
#1156=ORIENTED_EDGE('',*,*,#866,.T.);
#1157=ORIENTED_EDGE('',*,*,#867,.T.);
#1158=ORIENTED_EDGE('',*,*,#864,.T.);
#1159=ORIENTED_EDGE('',*,*,#804,.F.);
#1160=ORIENTED_EDGE('',*,*,#868,.F.);
#1161=ORIENTED_EDGE('',*,*,#869,.T.);
#1162=ORIENTED_EDGE('',*,*,#866,.F.);
#1163=ORIENTED_EDGE('',*,*,#807,.F.);
#1164=ORIENTED_EDGE('',*,*,#870,.T.);
#1165=ORIENTED_EDGE('',*,*,#871,.T.);
#1166=ORIENTED_EDGE('',*,*,#868,.T.);
#1167=ORIENTED_EDGE('',*,*,#810,.F.);
#1168=ORIENTED_EDGE('',*,*,#872,.F.);
#1169=ORIENTED_EDGE('',*,*,#873,.T.);
#1170=ORIENTED_EDGE('',*,*,#870,.F.);
#1171=ORIENTED_EDGE('',*,*,#813,.F.);
#1172=ORIENTED_EDGE('',*,*,#874,.T.);
#1173=ORIENTED_EDGE('',*,*,#875,.T.);
#1174=ORIENTED_EDGE('',*,*,#872,.T.);
#1175=ORIENTED_EDGE('',*,*,#816,.F.);
#1176=ORIENTED_EDGE('',*,*,#876,.F.);
#1177=ORIENTED_EDGE('',*,*,#877,.T.);
#1178=ORIENTED_EDGE('',*,*,#874,.F.);
#1179=ORIENTED_EDGE('',*,*,#845,.F.);
#1180=ORIENTED_EDGE('',*,*,#878,.T.);
#1181=ORIENTED_EDGE('',*,*,#879,.T.);
#1182=ORIENTED_EDGE('',*,*,#876,.T.);
#1183=ORIENTED_EDGE('',*,*,#821,.F.);
#1184=ORIENTED_EDGE('',*,*,#880,.T.);
#1185=ORIENTED_EDGE('',*,*,#881,.F.);
#1186=ORIENTED_EDGE('',*,*,#878,.F.);
#1187=ORIENTED_EDGE('',*,*,#719,.T.);
#1188=ORIENTED_EDGE('',*,*,#882,.F.);
#1189=ORIENTED_EDGE('',*,*,#735,.T.);
#1190=ORIENTED_EDGE('',*,*,#883,.F.);
#1191=ORIENTED_EDGE('',*,*,#751,.T.);
#1192=ORIENTED_EDGE('',*,*,#833,.F.);
#1193=ORIENTED_EDGE('',*,*,#830,.F.);
#1194=ORIENTED_EDGE('',*,*,#827,.F.);
#1195=ORIENTED_EDGE('',*,*,#824,.F.);
#1196=ORIENTED_EDGE('',*,*,#819,.F.);
#1197=ORIENTED_EDGE('',*,*,#846,.F.);
#1198=ORIENTED_EDGE('',*,*,#817,.F.);
#1199=ORIENTED_EDGE('',*,*,#814,.F.);
#1200=ORIENTED_EDGE('',*,*,#811,.F.);
#1201=ORIENTED_EDGE('',*,*,#808,.F.);
#1202=ORIENTED_EDGE('',*,*,#805,.F.);
#1203=ORIENTED_EDGE('',*,*,#802,.F.);
#1204=ORIENTED_EDGE('',*,*,#799,.F.);
#1205=ORIENTED_EDGE('',*,*,#796,.F.);
#1206=ORIENTED_EDGE('',*,*,#793,.F.);
#1207=ORIENTED_EDGE('',*,*,#790,.F.);
#1208=ORIENTED_EDGE('',*,*,#787,.F.);
#1209=ORIENTED_EDGE('',*,*,#784,.F.);
#1210=ORIENTED_EDGE('',*,*,#781,.F.);
#1211=ORIENTED_EDGE('',*,*,#776,.F.);
#1212=ORIENTED_EDGE('',*,*,#884,.T.);
#1213=ORIENTED_EDGE('',*,*,#885,.T.);
#1214=ORIENTED_EDGE('',*,*,#886,.T.);
#1215=ORIENTED_EDGE('',*,*,#887,.T.);
#1216=ORIENTED_EDGE('',*,*,#888,.T.);
#1217=ORIENTED_EDGE('',*,*,#843,.F.);
#1218=ORIENTED_EDGE('',*,*,#840,.F.);
#1219=ORIENTED_EDGE('',*,*,#837,.F.);
#1220=ORIENTED_EDGE('',*,*,#834,.F.);
#1221=ORIENTED_EDGE('',*,*,#749,.T.);
#1222=ORIENTED_EDGE('',*,*,#764,.F.);
#1223=ORIENTED_EDGE('',*,*,#730,.T.);
#1224=ORIENTED_EDGE('',*,*,#727,.T.);
#1225=ORIENTED_EDGE('',*,*,#759,.F.);
#1226=ORIENTED_EDGE('',*,*,#852,.F.);
#1227=ORIENTED_EDGE('',*,*,#889,.F.);
#1228=ORIENTED_EDGE('',*,*,#890,.T.);
#1229=ORIENTED_EDGE('',*,*,#891,.T.);
#1230=ORIENTED_EDGE('',*,*,#884,.F.);
#1231=ORIENTED_EDGE('',*,*,#854,.F.);
#1232=ORIENTED_EDGE('',*,*,#847,.F.);
#1233=ORIENTED_EDGE('',*,*,#892,.F.);
#1234=ORIENTED_EDGE('',*,*,#893,.T.);
#1235=ORIENTED_EDGE('',*,*,#889,.T.);
#1236=ORIENTED_EDGE('',*,*,#894,.F.);
#1237=ORIENTED_EDGE('',*,*,#895,.T.);
#1238=ORIENTED_EDGE('',*,*,#896,.F.);
#1239=ORIENTED_EDGE('',*,*,#897,.T.);
#1240=ORIENTED_EDGE('',*,*,#898,.F.);
#1241=ORIENTED_EDGE('',*,*,#899,.T.);
#1242=ORIENTED_EDGE('',*,*,#900,.F.);
#1243=ORIENTED_EDGE('',*,*,#901,.T.);
#1244=ORIENTED_EDGE('',*,*,#902,.F.);
#1245=ORIENTED_EDGE('',*,*,#903,.F.);
#1246=ORIENTED_EDGE('',*,*,#904,.F.);
#1247=ORIENTED_EDGE('',*,*,#905,.F.);
#1248=ORIENTED_EDGE('',*,*,#906,.F.);
#1249=ORIENTED_EDGE('',*,*,#907,.F.);
#1250=ORIENTED_EDGE('',*,*,#890,.F.);
#1251=ORIENTED_EDGE('',*,*,#893,.F.);
#1252=ORIENTED_EDGE('',*,*,#879,.F.);
#1253=ORIENTED_EDGE('',*,*,#881,.T.);
#1254=ORIENTED_EDGE('',*,*,#908,.F.);
#1255=ORIENTED_EDGE('',*,*,#909,.F.);
#1256=ORIENTED_EDGE('',*,*,#910,.F.);
#1257=ORIENTED_EDGE('',*,*,#911,.F.);
#1258=ORIENTED_EDGE('',*,*,#912,.F.);
#1259=ORIENTED_EDGE('',*,*,#913,.F.);
#1260=ORIENTED_EDGE('',*,*,#914,.F.);
#1261=ORIENTED_EDGE('',*,*,#915,.F.);
#1262=ORIENTED_EDGE('',*,*,#916,.F.);
#1263=ORIENTED_EDGE('',*,*,#917,.F.);
#1264=ORIENTED_EDGE('',*,*,#856,.F.);
#1265=ORIENTED_EDGE('',*,*,#859,.F.);
#1266=ORIENTED_EDGE('',*,*,#861,.F.);
#1267=ORIENTED_EDGE('',*,*,#863,.F.);
#1268=ORIENTED_EDGE('',*,*,#865,.F.);
#1269=ORIENTED_EDGE('',*,*,#867,.F.);
#1270=ORIENTED_EDGE('',*,*,#869,.F.);
#1271=ORIENTED_EDGE('',*,*,#871,.F.);
#1272=ORIENTED_EDGE('',*,*,#873,.F.);
#1273=ORIENTED_EDGE('',*,*,#875,.F.);
#1274=ORIENTED_EDGE('',*,*,#877,.F.);
#1275=ORIENTED_EDGE('',*,*,#773,.T.);
#1276=ORIENTED_EDGE('',*,*,#771,.T.);
#1277=ORIENTED_EDGE('',*,*,#769,.T.);
#1278=ORIENTED_EDGE('',*,*,#767,.T.);
#1279=ORIENTED_EDGE('',*,*,#778,.F.);
#1280=ORIENTED_EDGE('',*,*,#918,.T.);
#1281=ORIENTED_EDGE('',*,*,#915,.T.);
#1282=ORIENTED_EDGE('',*,*,#919,.T.);
#1283=ORIENTED_EDGE('',*,*,#853,.F.);
#1284=ORIENTED_EDGE('',*,*,#780,.F.);
#1285=ORIENTED_EDGE('',*,*,#920,.F.);
#1286=ORIENTED_EDGE('',*,*,#916,.T.);
#1287=ORIENTED_EDGE('',*,*,#918,.F.);
#1288=ORIENTED_EDGE('',*,*,#783,.F.);
#1289=ORIENTED_EDGE('',*,*,#857,.T.);
#1290=ORIENTED_EDGE('',*,*,#917,.T.);
#1291=ORIENTED_EDGE('',*,*,#920,.T.);
#1292=ORIENTED_EDGE('',*,*,#832,.F.);
#1293=ORIENTED_EDGE('',*,*,#921,.T.);
#1294=ORIENTED_EDGE('',*,*,#911,.T.);
#1295=ORIENTED_EDGE('',*,*,#922,.T.);
#1296=ORIENTED_EDGE('',*,*,#829,.F.);
#1297=ORIENTED_EDGE('',*,*,#922,.F.);
#1298=ORIENTED_EDGE('',*,*,#910,.T.);
#1299=ORIENTED_EDGE('',*,*,#923,.F.);
#1300=ORIENTED_EDGE('',*,*,#839,.F.);
#1301=ORIENTED_EDGE('',*,*,#924,.T.);
#1302=ORIENTED_EDGE('',*,*,#913,.T.);
#1303=ORIENTED_EDGE('',*,*,#925,.T.);
#1304=ORIENTED_EDGE('',*,*,#836,.F.);
#1305=ORIENTED_EDGE('',*,*,#925,.F.);
#1306=ORIENTED_EDGE('',*,*,#912,.T.);
#1307=ORIENTED_EDGE('',*,*,#921,.F.);
#1308=ORIENTED_EDGE('',*,*,#826,.F.);
#1309=ORIENTED_EDGE('',*,*,#923,.T.);
#1310=ORIENTED_EDGE('',*,*,#909,.T.);
#1311=ORIENTED_EDGE('',*,*,#926,.T.);
#1312=ORIENTED_EDGE('',*,*,#823,.F.);
#1313=ORIENTED_EDGE('',*,*,#926,.F.);
#1314=ORIENTED_EDGE('',*,*,#908,.T.);
#1315=ORIENTED_EDGE('',*,*,#880,.F.);
#1316=ORIENTED_EDGE('',*,*,#718,.T.);
#1317=ORIENTED_EDGE('',*,*,#722,.T.);
#1318=ORIENTED_EDGE('',*,*,#755,.T.);
#1319=ORIENTED_EDGE('',*,*,#927,.T.);
#1320=ORIENTED_EDGE('',*,*,#761,.T.);
#1321=ORIENTED_EDGE('',*,*,#739,.T.);
#1322=ORIENTED_EDGE('',*,*,#736,.T.);
#1323=ORIENTED_EDGE('',*,*,#882,.T.);
#1324=ORIENTED_EDGE('',*,*,#734,.T.);
#1325=ORIENTED_EDGE('',*,*,#763,.T.);
#1326=ORIENTED_EDGE('',*,*,#928,.T.);
#1327=ORIENTED_EDGE('',*,*,#929,.T.);
#1328=ORIENTED_EDGE('',*,*,#746,.T.);
#1329=ORIENTED_EDGE('',*,*,#883,.T.);
#1330=ORIENTED_EDGE('',*,*,#747,.T.);
#1331=ORIENTED_EDGE('',*,*,#929,.F.);
#1332=ORIENTED_EDGE('',*,*,#930,.T.);
#1333=ORIENTED_EDGE('',*,*,#765,.F.);
#1334=ORIENTED_EDGE('',*,*,#757,.F.);
#1335=ORIENTED_EDGE('',*,*,#931,.T.);
#1336=ORIENTED_EDGE('',*,*,#900,.T.);
#1337=ORIENTED_EDGE('',*,*,#932,.T.);
#1338=ORIENTED_EDGE('',*,*,#766,.F.);
#1339=ORIENTED_EDGE('',*,*,#933,.F.);
#1340=ORIENTED_EDGE('',*,*,#901,.F.);
#1341=ORIENTED_EDGE('',*,*,#931,.F.);
#1342=ORIENTED_EDGE('',*,*,#930,.F.);
#1343=ORIENTED_EDGE('',*,*,#934,.T.);
#1344=ORIENTED_EDGE('',*,*,#894,.T.);
#1345=ORIENTED_EDGE('',*,*,#933,.T.);
#1346=ORIENTED_EDGE('',*,*,#928,.F.);
#1347=ORIENTED_EDGE('',*,*,#935,.F.);
#1348=ORIENTED_EDGE('',*,*,#895,.F.);
#1349=ORIENTED_EDGE('',*,*,#934,.F.);
#1350=ORIENTED_EDGE('',*,*,#762,.F.);
#1351=ORIENTED_EDGE('',*,*,#936,.T.);
#1352=ORIENTED_EDGE('',*,*,#896,.T.);
#1353=ORIENTED_EDGE('',*,*,#935,.T.);
#1354=ORIENTED_EDGE('',*,*,#927,.F.);
#1355=ORIENTED_EDGE('',*,*,#937,.F.);
#1356=ORIENTED_EDGE('',*,*,#897,.F.);
#1357=ORIENTED_EDGE('',*,*,#936,.F.);
#1358=ORIENTED_EDGE('',*,*,#754,.F.);
#1359=ORIENTED_EDGE('',*,*,#938,.T.);
#1360=ORIENTED_EDGE('',*,*,#898,.T.);
#1361=ORIENTED_EDGE('',*,*,#937,.T.);
#1362=ORIENTED_EDGE('',*,*,#850,.F.);
#1363=ORIENTED_EDGE('',*,*,#939,.F.);
#1364=ORIENTED_EDGE('',*,*,#903,.T.);
#1365=ORIENTED_EDGE('',*,*,#940,.T.);
#1366=ORIENTED_EDGE('',*,*,#844,.F.);
#1367=ORIENTED_EDGE('',*,*,#888,.F.);
#1368=ORIENTED_EDGE('',*,*,#941,.F.);
#1369=ORIENTED_EDGE('',*,*,#904,.T.);
#1370=ORIENTED_EDGE('',*,*,#939,.T.);
#1371=ORIENTED_EDGE('',*,*,#905,.T.);
#1372=ORIENTED_EDGE('',*,*,#941,.T.);
#1373=ORIENTED_EDGE('',*,*,#887,.F.);
#1374=ORIENTED_EDGE('',*,*,#942,.F.);
#1375=ORIENTED_EDGE('',*,*,#906,.T.);
#1376=ORIENTED_EDGE('',*,*,#942,.T.);
#1377=ORIENTED_EDGE('',*,*,#886,.F.);
#1378=ORIENTED_EDGE('',*,*,#943,.F.);
#1379=ORIENTED_EDGE('',*,*,#907,.T.);
#1380=ORIENTED_EDGE('',*,*,#943,.T.);
#1381=ORIENTED_EDGE('',*,*,#885,.F.);
#1382=ORIENTED_EDGE('',*,*,#891,.F.);
#1383=ORIENTED_EDGE('',*,*,#851,.F.);
#1384=ORIENTED_EDGE('',*,*,#940,.F.);
#1385=ORIENTED_EDGE('',*,*,#902,.T.);
#1386=ORIENTED_EDGE('',*,*,#892,.T.);
#1387=ORIENTED_EDGE('',*,*,#849,.F.);
#1388=ORIENTED_EDGE('',*,*,#919,.F.);
#1389=ORIENTED_EDGE('',*,*,#914,.T.);
#1390=ORIENTED_EDGE('',*,*,#924,.F.);
#1391=ORIENTED_EDGE('',*,*,#842,.F.);
#1392=ORIENTED_EDGE('',*,*,#760,.F.);
#1393=ORIENTED_EDGE('',*,*,#932,.F.);
#1394=ORIENTED_EDGE('',*,*,#899,.F.);
#1395=ORIENTED_EDGE('',*,*,#938,.F.);
#1396=CYLINDRICAL_SURFACE('',#1542,4.5);
#1397=CYLINDRICAL_SURFACE('',#1547,4.5);
#1398=CYLINDRICAL_SURFACE('',#1553,4.5);
#1399=CYLINDRICAL_SURFACE('',#1558,9.);
#1400=CYLINDRICAL_SURFACE('',#1561,4.5);
#1401=CYLINDRICAL_SURFACE('',#1575,5.);
#1402=CYLINDRICAL_SURFACE('',#1580,5.);
#1403=CYLINDRICAL_SURFACE('',#1582,1.7);
#1404=CYLINDRICAL_SURFACE('',#1584,1.7);
#1405=CYLINDRICAL_SURFACE('',#1586,1.7);
#1406=CYLINDRICAL_SURFACE('',#1588,1.7);
#1407=CYLINDRICAL_SURFACE('',#1594,4.);
#1408=CYLINDRICAL_SURFACE('',#1599,4.);
#1409=CYLINDRICAL_SURFACE('',#1605,4.);
#1410=CYLINDRICAL_SURFACE('',#1611,4.);
#1411=CYLINDRICAL_SURFACE('',#1617,4.);
#1412=CYLINDRICAL_SURFACE('',#1623,4.);
#1413=CYLINDRICAL_SURFACE('',#1628,4.);
#1414=CYLINDRICAL_SURFACE('',#1635,4.);
#1415=CYLINDRICAL_SURFACE('',#1641,4.);
#1416=CYLINDRICAL_SURFACE('',#1648,4.);
#1417=CYLINDRICAL_SURFACE('',#1654,4.);
#1418=CYLINDRICAL_SURFACE('',#1659,4.);
#1419=CYLINDRICAL_SURFACE('',#1663,5.);
#1420=CYLINDRICAL_SURFACE('',#1666,5.);
#1421=CYLINDRICAL_SURFACE('',#1669,5.);
#1422=CYLINDRICAL_SURFACE('',#1672,5.);
#1423=CYLINDRICAL_SURFACE('',#1675,5.);
#1424=CYLINDRICAL_SURFACE('',#1678,5.);
#1425=CYLINDRICAL_SURFACE('',#1680,5.);
#1426=CYLINDRICAL_SURFACE('',#1686,1.01);
#1427=CYLINDRICAL_SURFACE('',#1701,5.);
#1428=CYLINDRICAL_SURFACE('',#1703,5.);
#1429=CYLINDRICAL_SURFACE('',#1704,5.);
#1430=CYLINDRICAL_SURFACE('',#1706,5.);
#1431=CYLINDRICAL_SURFACE('',#1708,5.);
#1432=CYLINDRICAL_SURFACE('',#1710,5.);
#1433=CYLINDRICAL_SURFACE('',#1711,5.);
#1434=CYLINDRICAL_SURFACE('',#1715,5.);
#1435=CYLINDRICAL_SURFACE('',#1717,5.);
#1436=CYLINDRICAL_SURFACE('',#1719,5.);
#1437=CYLINDRICAL_SURFACE('',#1721,5.);
#1438=CYLINDRICAL_SURFACE('',#1722,1.01000000000001);
#1439=CYLINDRICAL_SURFACE('',#1724,1.01);
#1440=CYLINDRICAL_SURFACE('',#1726,1.01);
#1441=ADVANCED_FACE('',(#67),#1396,.F.);
#1442=ADVANCED_FACE('',(#68,#32),#42,.T.);
#1443=ADVANCED_FACE('',(#69),#1397,.F.);
#1444=ADVANCED_FACE('',(#70,#33),#43,.T.);
#1445=ADVANCED_FACE('',(#71),#1398,.F.);
#1446=ADVANCED_FACE('',(#72,#34),#44,.T.);
#1447=ADVANCED_FACE('',(#73),#1399,.T.);
#1448=ADVANCED_FACE('',(#74),#1400,.F.);
#1449=ADVANCED_FACE('',(#75,#35),#45,.T.);
#1450=ADVANCED_FACE('',(#76),#28,.T.);
#1451=ADVANCED_FACE('',(#77),#29,.T.);
#1452=ADVANCED_FACE('',(#78),#1401,.T.);
#1453=ADVANCED_FACE('',(#79),#30,.T.);
#1454=ADVANCED_FACE('',(#80),#1402,.T.);
#1455=ADVANCED_FACE('',(#81),#1403,.F.);
#1456=ADVANCED_FACE('',(#82),#1404,.F.);
#1457=ADVANCED_FACE('',(#83),#1405,.F.);
#1458=ADVANCED_FACE('',(#84),#1406,.F.);
#1459=ADVANCED_FACE('',(#85),#23,.F.);
#1460=ADVANCED_FACE('',(#86),#1407,.T.);
#1461=ADVANCED_FACE('',(#87),#24,.F.);
#1462=ADVANCED_FACE('',(#88),#1408,.T.);
#1463=ADVANCED_FACE('',(#89),#15,.T.);
#1464=ADVANCED_FACE('',(#90),#1409,.T.);
#1465=ADVANCED_FACE('',(#91),#16,.T.);
#1466=ADVANCED_FACE('',(#92),#1410,.T.);
#1467=ADVANCED_FACE('',(#93),#17,.T.);
#1468=ADVANCED_FACE('',(#94),#1411,.T.);
#1469=ADVANCED_FACE('',(#95),#18,.T.);
#1470=ADVANCED_FACE('',(#96),#1412,.T.);
#1471=ADVANCED_FACE('',(#97),#25,.F.);
#1472=ADVANCED_FACE('',(#98),#1413,.T.);
#1473=ADVANCED_FACE('',(#99),#19,.T.);
#1474=ADVANCED_FACE('',(#100),#1414,.T.);
#1475=ADVANCED_FACE('',(#101),#20,.T.);
#1476=ADVANCED_FACE('',(#102),#1415,.T.);
#1477=ADVANCED_FACE('',(#103),#21,.T.);
#1478=ADVANCED_FACE('',(#104),#1416,.T.);
#1479=ADVANCED_FACE('',(#105),#22,.T.);
#1480=ADVANCED_FACE('',(#106),#1417,.T.);
#1481=ADVANCED_FACE('',(#107),#26,.F.);
#1482=ADVANCED_FACE('',(#108),#1418,.T.);
#1483=ADVANCED_FACE('',(#109),#27,.F.);
#1484=ADVANCED_FACE('',(#110),#46,.T.);
#1485=ADVANCED_FACE('',(#111),#1419,.F.);
#1486=ADVANCED_FACE('',(#112),#47,.T.);
#1487=ADVANCED_FACE('',(#113),#1420,.F.);
#1488=ADVANCED_FACE('',(#114),#48,.T.);
#1489=ADVANCED_FACE('',(#115),#1421,.F.);
#1490=ADVANCED_FACE('',(#116),#49,.T.);
#1491=ADVANCED_FACE('',(#117),#1422,.F.);
#1492=ADVANCED_FACE('',(#118),#50,.T.);
#1493=ADVANCED_FACE('',(#119),#1423,.T.);
#1494=ADVANCED_FACE('',(#120),#51,.T.);
#1495=ADVANCED_FACE('',(#121),#1424,.T.);
#1496=ADVANCED_FACE('',(#122),#1425,.F.);
#1497=ADVANCED_FACE('',(#123),#52,.T.);
#1498=ADVANCED_FACE('',(#124),#53,.T.);
#1499=ADVANCED_FACE('',(#125),#1426,.F.);
#1500=ADVANCED_FACE('',(#126,#36,#37,#38,#39,#40,#41),#54,.F.);
#1501=ADVANCED_FACE('',(#127),#1427,.T.);
#1502=ADVANCED_FACE('',(#128),#55,.T.);
#1503=ADVANCED_FACE('',(#129),#1428,.T.);
#1504=ADVANCED_FACE('',(#130),#1429,.F.);
#1505=ADVANCED_FACE('',(#131),#56,.T.);
#1506=ADVANCED_FACE('',(#132),#1430,.F.);
#1507=ADVANCED_FACE('',(#133),#57,.T.);
#1508=ADVANCED_FACE('',(#134),#1431,.F.);
#1509=ADVANCED_FACE('',(#135),#58,.T.);
#1510=ADVANCED_FACE('',(#136),#1432,.T.);
#1511=ADVANCED_FACE('',(#137),#1433,.T.);
#1512=ADVANCED_FACE('',(#138),#31,.T.);
#1513=ADVANCED_FACE('',(#139),#1434,.T.);
#1514=ADVANCED_FACE('',(#140),#59,.T.);
#1515=ADVANCED_FACE('',(#141),#1435,.T.);
#1516=ADVANCED_FACE('',(#142),#60,.T.);
#1517=ADVANCED_FACE('',(#143),#1436,.T.);
#1518=ADVANCED_FACE('',(#144),#61,.T.);
#1519=ADVANCED_FACE('',(#145),#1437,.T.);
#1520=ADVANCED_FACE('',(#146),#1438,.F.);
#1521=ADVANCED_FACE('',(#147),#62,.T.);
#1522=ADVANCED_FACE('',(#148),#1439,.F.);
#1523=ADVANCED_FACE('',(#149),#63,.T.);
#1524=ADVANCED_FACE('',(#150),#1440,.F.);
#1525=ADVANCED_FACE('',(#151),#64,.T.);
#1526=ADVANCED_FACE('',(#152),#65,.T.);
#1527=ADVANCED_FACE('',(#153),#66,.T.);
#1528=CLOSED_SHELL('',(#1441,#1442,#1443,#1444,#1445,#1446,#1447,#1448,
#1449,#1450,#1451,#1452,#1453,#1454,#1455,#1456,#1457,#1458,#1459,#1460,
#1461,#1462,#1463,#1464,#1465,#1466,#1467,#1468,#1469,#1470,#1471,#1472,
#1473,#1474,#1475,#1476,#1477,#1478,#1479,#1480,#1481,#1482,#1483,#1484,
#1485,#1486,#1487,#1488,#1489,#1490,#1491,#1492,#1493,#1494,#1495,#1496,
#1497,#1498,#1499,#1500,#1501,#1502,#1503,#1504,#1505,#1506,#1507,#1508,
#1509,#1510,#1511,#1512,#1513,#1514,#1515,#1516,#1517,#1518,#1519,#1520,
#1521,#1522,#1523,#1524,#1525,#1526,#1527));
#1529=DERIVED_UNIT_ELEMENT(#1531,1.);
#1530=DERIVED_UNIT_ELEMENT(#2874,-3.);
#1531=(
MASS_UNIT()
NAMED_UNIT(*)
SI_UNIT(.KILO.,.GRAM.)
);
#1532=DERIVED_UNIT((#1529,#1530));
#1533=MEASURE_REPRESENTATION_ITEM('density measure',
POSITIVE_RATIO_MEASURE(7850.),#1532);
#1534=PROPERTY_DEFINITION_REPRESENTATION(#1539,#1536);
#1535=PROPERTY_DEFINITION_REPRESENTATION(#1540,#1537);
#1536=REPRESENTATION('material name',(#1538),#2871);
#1537=REPRESENTATION('density',(#1533),#2871);
#1538=DESCRIPTIVE_REPRESENTATION_ITEM('Steel','Steel');
#1539=PROPERTY_DEFINITION('material property','material name',#2881);
#1540=PROPERTY_DEFINITION('material property','density of part',#2881);
#1541=AXIS2_PLACEMENT_3D('',#2210,#1730,#1731);
#1542=AXIS2_PLACEMENT_3D('',#2211,#1732,#1733);
#1543=AXIS2_PLACEMENT_3D('',#2227,#1734,#1735);
#1544=AXIS2_PLACEMENT_3D('',#2262,#1737,#1738);
#1545=AXIS2_PLACEMENT_3D('',#2263,#1739,#1740);
#1546=AXIS2_PLACEMENT_3D('',#2265,#1741,#1742);
#1547=AXIS2_PLACEMENT_3D('',#2266,#1743,#1744);
#1548=AXIS2_PLACEMENT_3D('',#2284,#1745,#1746);
#1549=AXIS2_PLACEMENT_3D('',#2287,#1748,#1749);
#1550=AXIS2_PLACEMENT_3D('',#2289,#1750,#1751);
#1551=AXIS2_PLACEMENT_3D('',#2313,#1752,#1753);
#1552=AXIS2_PLACEMENT_3D('',#2315,#1754,#1755);
#1553=AXIS2_PLACEMENT_3D('',#2316,#1756,#1757);
#1554=AXIS2_PLACEMENT_3D('',#2334,#1758,#1759);
#1555=AXIS2_PLACEMENT_3D('',#2350,#1761,#1762);
#1556=AXIS2_PLACEMENT_3D('',#2366,#1763,#1764);
#1557=AXIS2_PLACEMENT_3D('',#2368,#1765,#1766);
#1558=AXIS2_PLACEMENT_3D('',#2369,#1767,#1768);
#1559=AXIS2_PLACEMENT_3D('',#2372,#1769,#1770);
#1560=AXIS2_PLACEMENT_3D('',#2376,#1772,#1773);
#1561=AXIS2_PLACEMENT_3D('',#2378,#1775,#1776);
#1562=AXIS2_PLACEMENT_3D('',#2419,#1777,#1778);
#1563=AXIS2_PLACEMENT_3D('',#2420,#1779,#1780);
#1564=AXIS2_PLACEMENT_3D('',#2421,#1781,#1782);
#1565=AXIS2_PLACEMENT_3D('',#2422,#1783,#1784);
#1566=AXIS2_PLACEMENT_3D('',#2424,#1785,#1786);
#1567=AXIS2_PLACEMENT_3D('',#2425,#1787,#1788);
#1568=AXIS2_PLACEMENT_3D('',#2427,#1789,#1790);
#1569=AXIS2_PLACEMENT_3D('',#2429,#1791,#1792);
#1570=AXIS2_PLACEMENT_3D('',#2430,#1793,#1794);
#1571=AXIS2_PLACEMENT_3D('',#2431,#1795,#1796);
#1572=AXIS2_PLACEMENT_3D('',#2433,#1797,#1798);
#1573=AXIS2_PLACEMENT_3D('',#2435,#1799,#1800);
#1574=AXIS2_PLACEMENT_3D('',#2436,#1801,#1802);
#1575=AXIS2_PLACEMENT_3D('',#2437,#1803,#1804);
#1576=AXIS2_PLACEMENT_3D('',#2440,#1807,#1808);
#1577=AXIS2_PLACEMENT_3D('',#2442,#1809,#1810);
#1578=AXIS2_PLACEMENT_3D('',#2444,#1811,#1812);
#1579=AXIS2_PLACEMENT_3D('',#2445,#1813,#1814);
#1580=AXIS2_PLACEMENT_3D('',#2446,#1815,#1816);
#1581=AXIS2_PLACEMENT_3D('',#2449,#1818,#1819);
#1582=AXIS2_PLACEMENT_3D('',#2451,#1821,#1822);
#1583=AXIS2_PLACEMENT_3D('',#2453,#1823,#1824);
#1584=AXIS2_PLACEMENT_3D('',#2455,#1826,#1827);
#1585=AXIS2_PLACEMENT_3D('',#2457,#1828,#1829);
#1586=AXIS2_PLACEMENT_3D('',#2459,#1831,#1832);
#1587=AXIS2_PLACEMENT_3D('',#2461,#1833,#1834);
#1588=AXIS2_PLACEMENT_3D('',#2463,#1836,#1837);
#1589=AXIS2_PLACEMENT_3D('',#2465,#1838,#1839);
#1590=AXIS2_PLACEMENT_3D('',#2478,#1841,#1842);
#1591=AXIS2_PLACEMENT_3D('',#2480,#1843,#1844);
#1592=AXIS2_PLACEMENT_3D('',#2482,#1845,#1846);
#1593=AXIS2_PLACEMENT_3D('',#2483,#1847,#1848);
#1594=AXIS2_PLACEMENT_3D('',#2484,#1849,#1850);
#1595=AXIS2_PLACEMENT_3D('',#2487,#1851,#1852);
#1596=AXIS2_PLACEMENT_3D('',#2501,#1855,#1856);
#1597=AXIS2_PLACEMENT_3D('',#2502,#1857,#1858);
#1598=AXIS2_PLACEMENT_3D('',#2503,#1859,#1860);
#1599=AXIS2_PLACEMENT_3D('',#2504,#1861,#1862);
#1600=AXIS2_PLACEMENT_3D('',#2507,#1863,#1864);
#1601=AXIS2_PLACEMENT_3D('',#2510,#1867,#1868);
#1602=AXIS2_PLACEMENT_3D('',#2513,#1869,#1870);
#1603=AXIS2_PLACEMENT_3D('',#2514,#1871,#1872);
#1604=AXIS2_PLACEMENT_3D('',#2515,#1873,#1874);
#1605=AXIS2_PLACEMENT_3D('',#2516,#1875,#1876);
#1606=AXIS2_PLACEMENT_3D('',#2519,#1877,#1878);
#1607=AXIS2_PLACEMENT_3D('',#2522,#1881,#1882);
#1608=AXIS2_PLACEMENT_3D('',#2525,#1883,#1884);
#1609=AXIS2_PLACEMENT_3D('',#2526,#1885,#1886);
#1610=AXIS2_PLACEMENT_3D('',#2527,#1887,#1888);
#1611=AXIS2_PLACEMENT_3D('',#2528,#1889,#1890);
#1612=AXIS2_PLACEMENT_3D('',#2531,#1891,#1892);
#1613=AXIS2_PLACEMENT_3D('',#2534,#1895,#1896);
#1614=AXIS2_PLACEMENT_3D('',#2537,#1897,#1898);
#1615=AXIS2_PLACEMENT_3D('',#2538,#1899,#1900);
#1616=AXIS2_PLACEMENT_3D('',#2539,#1901,#1902);
#1617=AXIS2_PLACEMENT_3D('',#2540,#1903,#1904);
#1618=AXIS2_PLACEMENT_3D('',#2543,#1905,#1906);
#1619=AXIS2_PLACEMENT_3D('',#2546,#1909,#1910);
#1620=AXIS2_PLACEMENT_3D('',#2549,#1911,#1912);
#1621=AXIS2_PLACEMENT_3D('',#2550,#1913,#1914);
#1622=AXIS2_PLACEMENT_3D('',#2551,#1915,#1916);
#1623=AXIS2_PLACEMENT_3D('',#2552,#1917,#1918);
#1624=AXIS2_PLACEMENT_3D('',#2555,#1919,#1920);
#1625=AXIS2_PLACEMENT_3D('',#2569,#1923,#1924);
#1626=AXIS2_PLACEMENT_3D('',#2570,#1925,#1926);
#1627=AXIS2_PLACEMENT_3D('',#2571,#1927,#1928);
#1628=AXIS2_PLACEMENT_3D('',#2572,#1929,#1930);
#1629=AXIS2_PLACEMENT_3D('',#2575,#1931,#1932);
#1630=AXIS2_PLACEMENT_3D('',#2578,#1935,#1936);
#1631=AXIS2_PLACEMENT_3D('',#2581,#1937,#1938);
#1632=AXIS2_PLACEMENT_3D('',#2583,#1939,#1940);
#1633=AXIS2_PLACEMENT_3D('',#2585,#1941,#1942);
#1634=AXIS2_PLACEMENT_3D('',#2586,#1943,#1944);
#1635=AXIS2_PLACEMENT_3D('',#2587,#1945,#1946);
#1636=AXIS2_PLACEMENT_3D('',#2590,#1947,#1948);
#1637=AXIS2_PLACEMENT_3D('',#2593,#1951,#1952);
#1638=AXIS2_PLACEMENT_3D('',#2596,#1953,#1954);
#1639=AXIS2_PLACEMENT_3D('',#2597,#1955,#1956);
#1640=AXIS2_PLACEMENT_3D('',#2598,#1957,#1958);
#1641=AXIS2_PLACEMENT_3D('',#2599,#1959,#1960);
#1642=AXIS2_PLACEMENT_3D('',#2602,#1961,#1962);
#1643=AXIS2_PLACEMENT_3D('',#2605,#1965,#1966);
#1644=AXIS2_PLACEMENT_3D('',#2608,#1967,#1968);
#1645=AXIS2_PLACEMENT_3D('',#2609,#1969,#1970);
#1646=AXIS2_PLACEMENT_3D('',#2610,#1971,#1972);
#1647=AXIS2_PLACEMENT_3D('',#2611,#1973,#1974);
#1648=AXIS2_PLACEMENT_3D('',#2612,#1975,#1976);
#1649=AXIS2_PLACEMENT_3D('',#2615,#1977,#1978);
#1650=AXIS2_PLACEMENT_3D('',#2618,#1981,#1982);
#1651=AXIS2_PLACEMENT_3D('',#2621,#1983,#1984);
#1652=AXIS2_PLACEMENT_3D('',#2622,#1985,#1986);
#1653=AXIS2_PLACEMENT_3D('',#2623,#1987,#1988);
#1654=AXIS2_PLACEMENT_3D('',#2624,#1989,#1990);
#1655=AXIS2_PLACEMENT_3D('',#2627,#1991,#1992);
#1656=AXIS2_PLACEMENT_3D('',#2631,#1995,#1996);
#1657=AXIS2_PLACEMENT_3D('',#2641,#1997,#1998);
#1658=AXIS2_PLACEMENT_3D('',#2642,#1999,#2000);
#1659=AXIS2_PLACEMENT_3D('',#2643,#2001,#2002);
#1660=AXIS2_PLACEMENT_3D('',#2651,#2003,#2004);
#1661=AXIS2_PLACEMENT_3D('',#2681,#2007,#2008);
#1662=AXIS2_PLACEMENT_3D('',#2692,#2009,#2010);
#1663=AXIS2_PLACEMENT_3D('',#2698,#2014,#2015);
#1664=AXIS2_PLACEMENT_3D('',#2701,#2017,#2018);
#1665=AXIS2_PLACEMENT_3D('',#2702,#2019,#2020);
#1666=AXIS2_PLACEMENT_3D('',#2706,#2023,#2024);
#1667=AXIS2_PLACEMENT_3D('',#2709,#2026,#2027);
#1668=AXIS2_PLACEMENT_3D('',#2710,#2028,#2029);
#1669=AXIS2_PLACEMENT_3D('',#2714,#2032,#2033);
#1670=AXIS2_PLACEMENT_3D('',#2717,#2035,#2036);
#1671=AXIS2_PLACEMENT_3D('',#2718,#2037,#2038);
#1672=AXIS2_PLACEMENT_3D('',#2722,#2041,#2042);
#1673=AXIS2_PLACEMENT_3D('',#2725,#2044,#2045);
#1674=AXIS2_PLACEMENT_3D('',#2726,#2046,#2047);
#1675=AXIS2_PLACEMENT_3D('',#2730,#2050,#2051);
#1676=AXIS2_PLACEMENT_3D('',#2733,#2053,#2054);
#1677=AXIS2_PLACEMENT_3D('',#2734,#2055,#2056);
#1678=AXIS2_PLACEMENT_3D('',#2738,#2059,#2060);
#1679=AXIS2_PLACEMENT_3D('',#2741,#2062,#2063);
#1680=AXIS2_PLACEMENT_3D('',#2742,#2064,#2065);
#1681=AXIS2_PLACEMENT_3D('',#2745,#2067,#2068);
#1682=AXIS2_PLACEMENT_3D('',#2746,#2069,#2070);
#1683=AXIS2_PLACEMENT_3D('',#2752,#2074,#2075);
#1684=AXIS2_PLACEMENT_3D('',#2756,#2077,#2078);
#1685=AXIS2_PLACEMENT_3D('',#2758,#2080,#2081);
#1686=AXIS2_PLACEMENT_3D('',#2764,#2085,#2086);
#1687=AXIS2_PLACEMENT_3D('',#2767,#2088,#2089);
#1688=AXIS2_PLACEMENT_3D('',#2768,#2090,#2091);
#1689=AXIS2_PLACEMENT_3D('',#2771,#2092,#2093);
#1690=AXIS2_PLACEMENT_3D('',#2775,#2095,#2096);
#1691=AXIS2_PLACEMENT_3D('',#2779,#2098,#2099);
#1692=AXIS2_PLACEMENT_3D('',#2783,#2101,#2102);
#1693=AXIS2_PLACEMENT_3D('',#2788,#2105,#2106);
#1694=AXIS2_PLACEMENT_3D('',#2792,#2108,#2109);
#1695=AXIS2_PLACEMENT_3D('',#2795,#2111,#2112);
#1696=AXIS2_PLACEMENT_3D('',#2799,#2114,#2115);
#1697=AXIS2_PLACEMENT_3D('',#2803,#2117,#2118);
#1698=AXIS2_PLACEMENT_3D('',#2807,#2120,#2121);
#1699=AXIS2_PLACEMENT_3D('',#2811,#2123,#2124);
#1700=AXIS2_PLACEMENT_3D('',#2814,#2126,#2127);
#1701=AXIS2_PLACEMENT_3D('',#2815,#2128,#2129);
#1702=AXIS2_PLACEMENT_3D('',#2818,#2132,#2133);
#1703=AXIS2_PLACEMENT_3D('',#2820,#2135,#2136);
#1704=AXIS2_PLACEMENT_3D('',#2821,#2137,#2138);
#1705=AXIS2_PLACEMENT_3D('',#2824,#2141,#2142);
#1706=AXIS2_PLACEMENT_3D('',#2826,#2144,#2145);
#1707=AXIS2_PLACEMENT_3D('',#2829,#2148,#2149);
#1708=AXIS2_PLACEMENT_3D('',#2830,#2150,#2151);
#1709=AXIS2_PLACEMENT_3D('',#2832,#2153,#2154);
#1710=AXIS2_PLACEMENT_3D('',#2833,#2155,#2156);
#1711=AXIS2_PLACEMENT_3D('',#2835,#2158,#2159);
#1712=AXIS2_PLACEMENT_3D('',#2838,#2161,#2162);
#1713=AXIS2_PLACEMENT_3D('',#2839,#2163,#2164);
#1714=AXIS2_PLACEMENT_3D('',#2840,#2165,#2166);
#1715=AXIS2_PLACEMENT_3D('',#2841,#2167,#2168);
#1716=AXIS2_PLACEMENT_3D('',#2844,#2171,#2172);
#1717=AXIS2_PLACEMENT_3D('',#2846,#2174,#2175);
#1718=AXIS2_PLACEMENT_3D('',#2848,#2177,#2178);
#1719=AXIS2_PLACEMENT_3D('',#2850,#2180,#2181);
#1720=AXIS2_PLACEMENT_3D('',#2852,#2183,#2184);
#1721=AXIS2_PLACEMENT_3D('',#2854,#2186,#2187);
#1722=AXIS2_PLACEMENT_3D('',#2856,#2189,#2190);
#1723=AXIS2_PLACEMENT_3D('',#2859,#2193,#2194);
#1724=AXIS2_PLACEMENT_3D('',#2861,#2196,#2197);
#1725=AXIS2_PLACEMENT_3D('',#2863,#2199,#2200);
#1726=AXIS2_PLACEMENT_3D('',#2865,#2202,#2203);
#1727=AXIS2_PLACEMENT_3D('',#2866,#2204,#2205);
#1728=AXIS2_PLACEMENT_3D('',#2867,#2206,#2207);
#1729=AXIS2_PLACEMENT_3D('',#2868,#2208,#2209);
#1730=DIRECTION('axis',(0.,0.,1.));
#1731=DIRECTION('refdir',(1.,0.,0.));
#1732=DIRECTION('center_axis',(0.,0.,-1.));
#1733=DIRECTION('ref_axis',(-1.,0.,0.));
#1734=DIRECTION('center_axis',(0.,0.,-1.));
#1735=DIRECTION('ref_axis',(-1.,0.,0.));
#1736=DIRECTION('',(0.,0.,-1.));
#1737=DIRECTION('center_axis',(0.,0.,-1.));
#1738=DIRECTION('ref_axis',(-1.,0.,0.));
#1739=DIRECTION('center_axis',(0.,0.,1.));
#1740=DIRECTION('ref_axis',(-1.,0.,0.));
#1741=DIRECTION('center_axis',(0.,0.,1.));
#1742=DIRECTION('ref_axis',(1.,0.,0.));
#1743=DIRECTION('center_axis',(0.,0.,-1.));
#1744=DIRECTION('ref_axis',(-1.,0.,0.));
#1745=DIRECTION('center_axis',(0.,0.,-1.));
#1746=DIRECTION('ref_axis',(-1.,0.,0.));
#1747=DIRECTION('',(0.,0.,-1.));
#1748=DIRECTION('center_axis',(0.,0.,-1.));
#1749=DIRECTION('ref_axis',(-1.,0.,0.));
#1750=DIRECTION('center_axis',(0.,0.,-1.));
#1751=DIRECTION('ref_axis',(-1.,0.,0.));
#1752=DIRECTION('center_axis',(0.,0.,1.));
#1753=DIRECTION('ref_axis',(-1.,0.,0.));
#1754=DIRECTION('center_axis',(0.,0.,1.));
#1755=DIRECTION('ref_axis',(1.,0.,0.));
#1756=DIRECTION('center_axis',(0.,0.,-1.));
#1757=DIRECTION('ref_axis',(-1.,0.,0.));
#1758=DIRECTION('center_axis',(0.,0.,-1.));
#1759=DIRECTION('ref_axis',(-1.,0.,0.));
#1760=DIRECTION('',(0.,0.,-1.));
#1761=DIRECTION('center_axis',(0.,0.,-1.));
#1762=DIRECTION('ref_axis',(-1.,0.,0.));
#1763=DIRECTION('center_axis',(0.,0.,1.));
#1764=DIRECTION('ref_axis',(-1.,0.,0.));
#1765=DIRECTION('center_axis',(0.,0.,1.));
#1766=DIRECTION('ref_axis',(1.,0.,0.));
#1767=DIRECTION('center_axis',(0.,0.,-1.));
#1768=DIRECTION('ref_axis',(0.,1.,0.));
#1769=DIRECTION('center_axis',(0.,0.,1.));
#1770=DIRECTION('ref_axis',(-0.707106781186548,0.707106781186547,0.));
#1771=DIRECTION('',(0.,0.,-1.));
#1772=DIRECTION('center_axis',(0.,0.,1.));
#1773=DIRECTION('ref_axis',(0.,1.,0.));
#1774=DIRECTION('',(0.,0.,-1.));
#1775=DIRECTION('center_axis',(0.,0.,-1.));
#1776=DIRECTION('ref_axis',(-0.690589833948388,0.723246625465434,0.));
#1777=DIRECTION('center_axis',(0.,0.,-1.));
#1778=DIRECTION('ref_axis',(-1.,0.,0.));
#1779=DIRECTION('center_axis',(0.,0.,-1.));
#1780=DIRECTION('ref_axis',(-1.,0.,0.));
#1781=DIRECTION('center_axis',(0.,0.,-1.));
#1782=DIRECTION('ref_axis',(-1.,0.,0.));
#1783=DIRECTION('center_axis',(0.,0.,1.));
#1784=DIRECTION('ref_axis',(-1.,0.,0.));
#1785=DIRECTION('center_axis',(0.,0.,1.));
#1786=DIRECTION('ref_axis',(1.,0.,0.));
#1787=DIRECTION('center_axis',(-0.408248290463862,-0.816496580927726,-0.408248290463863));
#1788=DIRECTION('ref_axis',(0.577350269189626,-0.577350269189626,0.577350269189626));
#1789=DIRECTION('center_axis',(-1.,8.88178419700125E-16,0.));
#1790=DIRECTION('ref_axis',(-8.88178419700125E-16,-1.,0.));
#1791=DIRECTION('center_axis',(0.,0.,1.));
#1792=DIRECTION('ref_axis',(0.707106781186548,-0.707106781186548,0.));
#1793=DIRECTION('center_axis',(0.,1.,0.));
#1794=DIRECTION('ref_axis',(0.,0.,1.));
#1795=DIRECTION('center_axis',(0.408248290463862,-0.816496580927726,-0.408248290463863));
#1796=DIRECTION('ref_axis',(-0.577350269189626,-0.577350269189626,0.577350269189626));
#1797=DIRECTION('center_axis',(0.,1.,0.));
#1798=DIRECTION('ref_axis',(-1.,0.,0.));
#1799=DIRECTION('center_axis',(0.,0.,1.));
#1800=DIRECTION('ref_axis',(-0.707106781186547,-0.707106781186548,0.));
#1801=DIRECTION('center_axis',(1.,0.,0.));
#1802=DIRECTION('ref_axis',(0.,0.,1.));
#1803=DIRECTION('center_axis',(1.,0.,0.));
#1804=DIRECTION('ref_axis',(0.,-0.707106781186547,0.707106781186547));
#1805=DIRECTION('',(-1.,0.,0.));
#1806=DIRECTION('',(1.,0.,0.));
#1807=DIRECTION('center_axis',(0.408248290463862,-0.816496580927726,0.408248290463863));
#1808=DIRECTION('ref_axis',(0.577350269189626,0.577350269189626,0.577350269189626));
#1809=DIRECTION('center_axis',(8.88178419700126E-16,-1.,0.));
#1810=DIRECTION('ref_axis',(1.,8.88178419700126E-16,0.));
#1811=DIRECTION('center_axis',(0.,0.,1.));
#1812=DIRECTION('ref_axis',(0.707106781186547,0.707106781186548,0.));
#1813=DIRECTION('center_axis',(-1.,0.,0.));
#1814=DIRECTION('ref_axis',(0.,0.,1.));
#1815=DIRECTION('center_axis',(-1.14745787488988E-16,-1.,0.));
#1816=DIRECTION('ref_axis',(-0.707106781186547,0.,0.707106781186547));
#1817=DIRECTION('',(1.14745787488988E-16,1.,0.));
#1818=DIRECTION('center_axis',(0.,-1.,0.));
#1819=DIRECTION('ref_axis',(0.,0.,1.));
#1820=DIRECTION('',(-1.14745787488988E-16,-1.,0.));
#1821=DIRECTION('center_axis',(0.,0.,1.));
#1822=DIRECTION('ref_axis',(1.,0.,0.));
#1823=DIRECTION('center_axis',(0.,0.,1.));
#1824=DIRECTION('ref_axis',(1.,0.,0.));
#1825=DIRECTION('',(0.,0.,1.));
#1826=DIRECTION('center_axis',(0.,0.,1.));
#1827=DIRECTION('ref_axis',(1.,0.,0.));
#1828=DIRECTION('center_axis',(0.,0.,1.));
#1829=DIRECTION('ref_axis',(1.,0.,0.));
#1830=DIRECTION('',(0.,0.,1.));
#1831=DIRECTION('center_axis',(0.,0.,1.));
#1832=DIRECTION('ref_axis',(1.,0.,0.));
#1833=DIRECTION('center_axis',(0.,0.,1.));
#1834=DIRECTION('ref_axis',(1.,0.,0.));
#1835=DIRECTION('',(0.,0.,1.));
#1836=DIRECTION('center_axis',(0.,0.,1.));
#1837=DIRECTION('ref_axis',(1.,0.,0.));
#1838=DIRECTION('center_axis',(0.,0.,1.));
#1839=DIRECTION('ref_axis',(1.,0.,0.));
#1840=DIRECTION('',(0.,0.,1.));
#1841=DIRECTION('center_axis',(0.713122082119431,-0.701039867620699,0.));
#1842=DIRECTION('ref_axis',(0.701039867620699,0.713122082119431,0.));
#1843=DIRECTION('center_axis',(0.,0.,-1.));
#1844=DIRECTION('ref_axis',(0.707106781186548,0.707106781186548,0.));
#1845=DIRECTION('center_axis',(0.,1.,0.));
#1846=DIRECTION('ref_axis',(0.,0.,1.));
#1847=DIRECTION('center_axis',(0.,0.,1.));
#1848=DIRECTION('ref_axis',(0.707106781186547,0.707106781186547,0.));
#1849=DIRECTION('center_axis',(0.,1.,0.));
#1850=DIRECTION('ref_axis',(0.707106781186547,0.,0.707106781186548));
#1851=DIRECTION('center_axis',(0.,1.,0.));
#1852=DIRECTION('ref_axis',(0.,0.,1.));
#1853=DIRECTION('',(0.,1.,0.));
#1854=DIRECTION('',(0.,-1.,0.));
#1855=DIRECTION('center_axis',(1.,0.,0.));
#1856=DIRECTION('ref_axis',(0.,0.,1.));
#1857=DIRECTION('center_axis',(0.,0.,1.));
#1858=DIRECTION('ref_axis',(0.707106781186547,-0.707106781186548,0.));
#1859=DIRECTION('center_axis',(0.,0.,-1.));
#1860=DIRECTION('ref_axis',(0.707106781186547,-0.707106781186548,0.));
#1861=DIRECTION('center_axis',(1.,0.,0.));
#1862=DIRECTION('ref_axis',(0.,-0.707106781186547,0.707106781186548));
#1863=DIRECTION('center_axis',(1.,0.,0.));
#1864=DIRECTION('ref_axis',(0.,0.,1.));
#1865=DIRECTION('',(1.,0.,0.));
#1866=DIRECTION('',(-1.,0.,0.));
#1867=DIRECTION('center_axis',(0.,0.,1.));
#1868=DIRECTION('ref_axis',(1.,0.,0.));
#1869=DIRECTION('center_axis',(0.,1.,0.));
#1870=DIRECTION('ref_axis',(0.,0.,1.));
#1871=DIRECTION('center_axis',(0.,0.,-1.));
#1872=DIRECTION('ref_axis',(-0.707106781186547,0.707106781186548,0.));
#1873=DIRECTION('center_axis',(0.,0.,1.));
#1874=DIRECTION('ref_axis',(-0.707106781186547,0.707106781186548,0.));
#1875=DIRECTION('center_axis',(0.,1.,0.));
#1876=DIRECTION('ref_axis',(0.707106781186548,0.,0.707106781186548));
#1877=DIRECTION('center_axis',(0.,1.,0.));
#1878=DIRECTION('ref_axis',(0.,0.,1.));
#1879=DIRECTION('',(0.,1.,0.));
#1880=DIRECTION('',(0.,-1.,0.));
#1881=DIRECTION('center_axis',(0.,0.,1.));
#1882=DIRECTION('ref_axis',(1.,0.,0.));
#1883=DIRECTION('center_axis',(-1.,-1.11022302462516E-15,0.));
#1884=DIRECTION('ref_axis',(0.,0.,1.));
#1885=DIRECTION('center_axis',(0.,0.,-1.));
#1886=DIRECTION('ref_axis',(-0.707106781186547,-0.707106781186548,0.));
#1887=DIRECTION('center_axis',(0.,0.,1.));
#1888=DIRECTION('ref_axis',(-0.707106781186547,-0.707106781186548,0.));
#1889=DIRECTION('center_axis',(-1.,0.,0.));
#1890=DIRECTION('ref_axis',(0.,0.707106781186547,0.707106781186548));
#1891=DIRECTION('center_axis',(-1.,0.,0.));
#1892=DIRECTION('ref_axis',(0.,0.,1.));
#1893=DIRECTION('',(-1.,0.,0.));
#1894=DIRECTION('',(1.,0.,0.));
#1895=DIRECTION('center_axis',(0.,0.,1.));
#1896=DIRECTION('ref_axis',(1.,0.,0.));
#1897=DIRECTION('center_axis',(0.,-1.,0.));
#1898=DIRECTION('ref_axis',(0.,0.,1.));
#1899=DIRECTION('center_axis',(0.,0.,-1.));
#1900=DIRECTION('ref_axis',(0.707106781186547,-0.707106781186548,0.));
#1901=DIRECTION('center_axis',(0.,0.,1.));
#1902=DIRECTION('ref_axis',(0.707106781186547,-0.707106781186548,0.));
#1903=DIRECTION('center_axis',(0.,-1.,0.));
#1904=DIRECTION('ref_axis',(-0.707106781186548,0.,0.707106781186548));
#1905=DIRECTION('center_axis',(0.,-1.,0.));
#1906=DIRECTION('ref_axis',(0.,0.,1.));
#1907=DIRECTION('',(0.,-1.,0.));
#1908=DIRECTION('',(0.,1.,0.));
#1909=DIRECTION('center_axis',(0.,0.,1.));
#1910=DIRECTION('ref_axis',(1.,0.,0.));
#1911=DIRECTION('center_axis',(1.,0.,0.));
#1912=DIRECTION('ref_axis',(0.,0.,1.));
#1913=DIRECTION('center_axis',(0.,0.,-1.));
#1914=DIRECTION('ref_axis',(0.707106781186547,0.707106781186548,0.));
#1915=DIRECTION('center_axis',(0.,0.,1.));
#1916=DIRECTION('ref_axis',(0.707106781186547,0.707106781186548,0.));
#1917=DIRECTION('center_axis',(1.,0.,0.));
#1918=DIRECTION('ref_axis',(0.,-0.707106781186547,0.707106781186548));
#1919=DIRECTION('center_axis',(1.,0.,0.));
#1920=DIRECTION('ref_axis',(0.,0.,1.));
#1921=DIRECTION('',(1.,0.,0.));
#1922=DIRECTION('',(-1.,0.,0.));
#1923=DIRECTION('center_axis',(0.,-1.,0.));
#1924=DIRECTION('ref_axis',(0.,0.,1.));
#1925=DIRECTION('center_axis',(0.,0.,1.));
#1926=DIRECTION('ref_axis',(-0.707106781186547,-0.707106781186547,0.));
#1927=DIRECTION('center_axis',(0.,0.,-1.));
#1928=DIRECTION('ref_axis',(-0.707106781186548,-0.707106781186548,0.));
#1929=DIRECTION('center_axis',(0.,-1.,0.));
#1930=DIRECTION('ref_axis',(-0.707106781186547,0.,0.707106781186548));
#1931=DIRECTION('center_axis',(0.,-1.,0.));
#1932=DIRECTION('ref_axis',(0.,0.,1.));
#1933=DIRECTION('',(0.,-1.,0.));
#1934=DIRECTION('',(0.,1.,0.));
#1935=DIRECTION('center_axis',(0.,0.,1.));
#1936=DIRECTION('ref_axis',(1.,0.,0.));
#1937=DIRECTION('center_axis',(0.535719490804552,0.844396013237931,0.));
#1938=DIRECTION('ref_axis',(-0.844396013237931,0.535719490804552,0.));
#1939=DIRECTION('center_axis',(0.,0.,1.));
#1940=DIRECTION('ref_axis',(0.960311411271867,-0.278930086905365,0.));
#1941=DIRECTION('center_axis',(0.,-1.,0.));
#1942=DIRECTION('ref_axis',(0.,0.,1.));
#1943=DIRECTION('center_axis',(0.,0.,-1.));
#1944=DIRECTION('ref_axis',(0.960311411271867,-0.278930086905365,0.));
#1945=DIRECTION('center_axis',(-1.27979599380422E-16,-1.,0.));
#1946=DIRECTION('ref_axis',(-0.707106781186547,0.,0.707106781186548));
#1947=DIRECTION('center_axis',(0.,-1.,0.));
#1948=DIRECTION('ref_axis',(0.,0.,1.));
#1949=DIRECTION('',(-1.27979599380422E-16,-1.,0.));
#1950=DIRECTION('',(1.27979599380422E-16,1.,0.));
#1951=DIRECTION('center_axis',(0.,0.,1.));
#1952=DIRECTION('ref_axis',(1.,0.,0.));
#1953=DIRECTION('center_axis',(1.,2.77555756156289E-16,0.));
#1954=DIRECTION('ref_axis',(0.,0.,1.));
#1955=DIRECTION('center_axis',(0.,0.,-1.));
#1956=DIRECTION('ref_axis',(0.707106781186548,0.707106781186547,0.));
#1957=DIRECTION('center_axis',(0.,0.,1.));
#1958=DIRECTION('ref_axis',(0.707106781186548,0.707106781186547,0.));
#1959=DIRECTION('center_axis',(1.,0.,0.));
#1960=DIRECTION('ref_axis',(0.,-0.707106781186548,0.707106781186548));
#1961=DIRECTION('center_axis',(1.,0.,0.));
#1962=DIRECTION('ref_axis',(0.,0.,1.));
#1963=DIRECTION('',(1.,0.,0.));
#1964=DIRECTION('',(-1.,0.,0.));
#1965=DIRECTION('center_axis',(0.,0.,1.));
#1966=DIRECTION('ref_axis',(1.,0.,0.));
#1967=DIRECTION('center_axis',(-1.11022302462516E-15,1.,0.));
#1968=DIRECTION('ref_axis',(0.,0.,1.));
#1969=DIRECTION('center_axis',(0.,0.,-1.));
#1970=DIRECTION('ref_axis',(-0.707106781186548,0.707106781186547,0.));
#1971=DIRECTION('center_axis',(0.,0.,1.));
#1972=DIRECTION('ref_axis',(-0.707106781186548,0.707106781186547,0.));
#1973=DIRECTION('center_axis',(0.,0.,1.));
#1974=DIRECTION('ref_axis',(-0.707106781186548,0.707106781186547,0.));
#1975=DIRECTION('center_axis',(0.,1.,0.));
#1976=DIRECTION('ref_axis',(0.707106781186547,0.,0.707106781186548));
#1977=DIRECTION('center_axis',(0.,1.,0.));
#1978=DIRECTION('ref_axis',(0.,0.,1.));
#1979=DIRECTION('',(0.,1.,0.));
#1980=DIRECTION('',(0.,-1.,0.));
#1981=DIRECTION('center_axis',(0.,0.,1.));
#1982=DIRECTION('ref_axis',(1.,0.,0.));
#1983=DIRECTION('center_axis',(-1.,0.,0.));
#1984=DIRECTION('ref_axis',(0.,0.,1.));
#1985=DIRECTION('center_axis',(0.,0.,-1.));
#1986=DIRECTION('ref_axis',(-0.707106781186548,-0.707106781186547,0.));
#1987=DIRECTION('center_axis',(0.,0.,1.));
#1988=DIRECTION('ref_axis',(-0.707106781186548,-0.707106781186547,0.));
#1989=DIRECTION('center_axis',(-1.,0.,0.));
#1990=DIRECTION('ref_axis',(0.,0.707106781186547,0.707106781186548));
#1991=DIRECTION('center_axis',(-1.,0.,0.));
#1992=DIRECTION('ref_axis',(0.,0.,1.));
#1993=DIRECTION('',(-1.,0.,0.));
#1994=DIRECTION('',(1.,0.,0.));
#1995=DIRECTION('center_axis',(-1.,0.,0.));
#1996=DIRECTION('ref_axis',(0.,0.707106781186547,0.707106781186548));
#1997=DIRECTION('center_axis',(0.,0.,1.));
#1998=DIRECTION('ref_axis',(-0.960311411271867,0.278930086905365,0.));
#1999=DIRECTION('center_axis',(0.,0.,-1.));
#2000=DIRECTION('ref_axis',(-0.960311411271867,0.278930086905365,0.));
#2001=DIRECTION('center_axis',(1.,0.,0.));
#2002=DIRECTION('ref_axis',(0.,0.707106781186547,0.707106781186548));
#2003=DIRECTION('center_axis',(-1.,0.,0.));
#2004=DIRECTION('ref_axis',(0.,0.,1.));
#2005=DIRECTION('',(-1.,0.,0.));
#2006=DIRECTION('',(1.,0.,0.));
#2007=DIRECTION('center_axis',(0.,0.,1.));
#2008=DIRECTION('ref_axis',(0.,1.,0.));
#2009=DIRECTION('center_axis',(0.,-1.,0.));
#2010=DIRECTION('ref_axis',(1.,0.,0.));
#2011=DIRECTION('',(0.,0.,1.));
#2012=DIRECTION('',(1.,0.,0.));
#2013=DIRECTION('',(0.,0.,-1.));
#2014=DIRECTION('center_axis',(0.,0.,1.));
#2015=DIRECTION('ref_axis',(-0.707106781186547,0.707106781186547,0.));
#2016=DIRECTION('',(0.,0.,-1.));
#2017=DIRECTION('center_axis',(0.,0.,-1.));
#2018=DIRECTION('ref_axis',(-0.707106781186547,0.707106781186547,0.));
#2019=DIRECTION('center_axis',(1.,0.,0.));
#2020=DIRECTION('ref_axis',(0.,1.,0.));
#2021=DIRECTION('',(0.,0.,1.));
#2022=DIRECTION('',(0.,1.,0.));
#2023=DIRECTION('center_axis',(0.,0.,1.));
#2024=DIRECTION('ref_axis',(-0.707106781186547,-0.707106781186547,0.));
#2025=DIRECTION('',(0.,0.,-1.));
#2026=DIRECTION('center_axis',(0.,0.,-1.));
#2027=DIRECTION('ref_axis',(-0.707106781186547,-0.707106781186547,0.));
#2028=DIRECTION('center_axis',(0.,1.,0.));
#2029=DIRECTION('ref_axis',(-1.,0.,0.));
#2030=DIRECTION('',(0.,0.,1.));
#2031=DIRECTION('',(-1.,0.,0.));
#2032=DIRECTION('center_axis',(0.,0.,1.));
#2033=DIRECTION('ref_axis',(0.707106781186547,-0.707106781186547,0.));
#2034=DIRECTION('',(0.,0.,-1.));
#2035=DIRECTION('center_axis',(0.,0.,-1.));
#2036=DIRECTION('ref_axis',(0.707106781186547,-0.707106781186547,0.));
#2037=DIRECTION('center_axis',(-1.,0.,0.));
#2038=DIRECTION('ref_axis',(0.,-1.,0.));
#2039=DIRECTION('',(0.,0.,1.));
#2040=DIRECTION('',(0.,-1.,0.));
#2041=DIRECTION('center_axis',(0.,0.,1.));
#2042=DIRECTION('ref_axis',(0.707106781186547,0.707106781186547,0.));
#2043=DIRECTION('',(0.,0.,-1.));
#2044=DIRECTION('center_axis',(0.,0.,-1.));
#2045=DIRECTION('ref_axis',(0.707106781186547,0.707106781186547,0.));
#2046=DIRECTION('center_axis',(0.,-1.,0.));
#2047=DIRECTION('ref_axis',(1.,0.,0.));
#2048=DIRECTION('',(0.,0.,1.));
#2049=DIRECTION('',(1.,0.,0.));
#2050=DIRECTION('center_axis',(0.,0.,1.));
#2051=DIRECTION('ref_axis',(-0.707106781186547,-0.707106781186547,0.));
#2052=DIRECTION('',(0.,0.,-1.));
#2053=DIRECTION('center_axis',(0.,0.,1.));
#2054=DIRECTION('ref_axis',(-0.707106781186547,-0.707106781186547,0.));
#2055=DIRECTION('center_axis',(-1.,0.,0.));
#2056=DIRECTION('ref_axis',(0.,-1.,0.));
#2057=DIRECTION('',(0.,0.,1.));
#2058=DIRECTION('',(0.,-1.,0.));
#2059=DIRECTION('center_axis',(0.,0.,1.));
#2060=DIRECTION('ref_axis',(-0.960311411271867,0.278930086905365,0.));
#2061=DIRECTION('',(0.,0.,-1.));
#2062=DIRECTION('center_axis',(0.,0.,1.));
#2063=DIRECTION('ref_axis',(-0.960311411271867,0.278930086905365,0.));
#2064=DIRECTION('center_axis',(0.,0.,1.));
#2065=DIRECTION('ref_axis',(0.688792026475861,-0.724958994884039,0.));
#2066=DIRECTION('',(0.,0.,-1.));
#2067=DIRECTION('center_axis',(0.,0.,-1.));
#2068=DIRECTION('ref_axis',(0.688792026475861,-0.724958994884039,0.));
#2069=DIRECTION('center_axis',(0.,0.,1.));
#2070=DIRECTION('ref_axis',(1.,0.,0.));
#2071=DIRECTION('',(1.14745787488988E-16,-1.,0.));
#2072=DIRECTION('',(1.,0.,0.));
#2073=DIRECTION('',(0.,-1.,0.));
#2074=DIRECTION('center_axis',(0.,0.,-1.));
#2075=DIRECTION('ref_axis',(0.,-1.,0.));
#2076=DIRECTION('',(-1.,-2.4980018054066E-16,0.));
#2077=DIRECTION('center_axis',(0.,0.,-1.));
#2078=DIRECTION('ref_axis',(-1.,2.19846143490131E-15,0.));
#2079=DIRECTION('',(0.,1.,0.));
#2080=DIRECTION('center_axis',(-1.,0.,0.));
#2081=DIRECTION('ref_axis',(0.,-1.,0.));
#2082=DIRECTION('',(0.,0.,1.));
#2083=DIRECTION('',(0.,-1.,0.));
#2084=DIRECTION('',(0.,0.,1.));
#2085=DIRECTION('center_axis',(0.,0.,1.));
#2086=DIRECTION('ref_axis',(1.,0.,0.));
#2087=DIRECTION('',(0.,0.,1.));
#2088=DIRECTION('center_axis',(0.,0.,-1.));
#2089=DIRECTION('ref_axis',(1.,0.,0.));
#2090=DIRECTION('center_axis',(0.,0.,1.));
#2091=DIRECTION('ref_axis',(1.,0.,0.));
#2092=DIRECTION('center_axis',(0.,0.,1.));
#2093=DIRECTION('ref_axis',(-0.707106781186547,0.707106781186547,0.));
#2094=DIRECTION('',(1.,0.,0.));
#2095=DIRECTION('center_axis',(0.,0.,1.));
#2096=DIRECTION('ref_axis',(0.707106781186547,0.707106781186548,0.));
#2097=DIRECTION('',(1.14745787488988E-16,-1.,0.));
#2098=DIRECTION('center_axis',(0.,0.,1.));
#2099=DIRECTION('ref_axis',(0.707106781186547,-0.707106781186547,0.));
#2100=DIRECTION('',(-1.,0.,0.));
#2101=DIRECTION('center_axis',(0.,0.,1.));
#2102=DIRECTION('ref_axis',(-0.707106781186547,-0.707106781186548,0.));
#2103=DIRECTION('',(1.14745787488988E-16,1.,0.));
#2104=DIRECTION('',(1.,-4.44089209850063E-16,0.));
#2105=DIRECTION('center_axis',(0.,0.,-1.));
#2106=DIRECTION('ref_axis',(-4.39692286980258E-15,1.,0.));
#2107=DIRECTION('',(0.,1.,0.));
#2108=DIRECTION('center_axis',(0.,0.,-1.));
#2109=DIRECTION('ref_axis',(-1.,2.19846143490131E-15,0.));
#2110=DIRECTION('',(-1.,-2.4980018054066E-16,0.));
#2111=DIRECTION('center_axis',(0.,0.,-1.));
#2112=DIRECTION('ref_axis',(0.,-1.,0.));
#2113=DIRECTION('',(-1.27979599380422E-16,-1.,0.));
#2114=DIRECTION('center_axis',(0.,0.,-1.));
#2115=DIRECTION('ref_axis',(0.707106781186547,0.707106781186547,0.));
#2116=DIRECTION('',(1.,0.,0.));
#2117=DIRECTION('center_axis',(0.,0.,-1.));
#2118=DIRECTION('ref_axis',(-0.707106781186547,0.707106781186547,0.));
#2119=DIRECTION('',(0.,1.,0.));
#2120=DIRECTION('center_axis',(0.,0.,-1.));
#2121=DIRECTION('ref_axis',(-0.707106781186547,-0.707106781186547,0.));
#2122=DIRECTION('',(-1.,0.,0.));
#2123=DIRECTION('center_axis',(0.,0.,1.));
#2124=DIRECTION('ref_axis',(0.707106781186547,0.707106781186547,0.));
#2125=DIRECTION('',(0.,1.,0.));
#2126=DIRECTION('center_axis',(0.,0.,1.));
#2127=DIRECTION('ref_axis',(0.707106781186547,-0.707106781186547,0.));
#2128=DIRECTION('center_axis',(0.,0.,1.));
#2129=DIRECTION('ref_axis',(0.707106781186547,0.707106781186547,0.));
#2130=DIRECTION('',(0.,0.,-1.));
#2131=DIRECTION('',(0.,0.,1.));
#2132=DIRECTION('center_axis',(1.,0.,0.));
#2133=DIRECTION('ref_axis',(0.,1.,0.));
#2134=DIRECTION('',(0.,0.,1.));
#2135=DIRECTION('center_axis',(0.,0.,1.));
#2136=DIRECTION('ref_axis',(0.707106781186547,-0.707106781186547,0.));
#2137=DIRECTION('center_axis',(0.,0.,1.));
#2138=DIRECTION('ref_axis',(-0.707106781186547,0.707106781186547,0.));
#2139=DIRECTION('',(0.,0.,-1.));
#2140=DIRECTION('',(0.,0.,1.));
#2141=DIRECTION('center_axis',(0.,-1.,0.));
#2142=DIRECTION('ref_axis',(1.,0.,0.));
#2143=DIRECTION('',(0.,0.,-1.));
#2144=DIRECTION('center_axis',(0.,0.,1.));
#2145=DIRECTION('ref_axis',(-0.707106781186547,-0.707106781186547,0.));
#2146=DIRECTION('',(0.,0.,-1.));
#2147=DIRECTION('',(0.,0.,1.));
#2148=DIRECTION('center_axis',(1.,0.,0.));
#2149=DIRECTION('ref_axis',(0.,1.,0.));
#2150=DIRECTION('center_axis',(0.,0.,1.));
#2151=DIRECTION('ref_axis',(0.707106781186547,0.707106781186547,0.));
#2152=DIRECTION('',(0.,0.,1.));
#2153=DIRECTION('center_axis',(-1.,1.27979599380422E-16,0.));
#2154=DIRECTION('ref_axis',(-1.27979599380422E-16,-1.,0.));
#2155=DIRECTION('center_axis',(-1.14745787488988E-16,1.,0.));
#2156=DIRECTION('ref_axis',(0.707106781186547,0.,0.707106781186547));
#2157=DIRECTION('',(-1.14745787488988E-16,1.,0.));
#2158=DIRECTION('center_axis',(-1.,0.,0.));
#2159=DIRECTION('ref_axis',(0.,0.707106781186547,0.707106781186547));
#2160=DIRECTION('',(-1.,0.,0.));
#2161=DIRECTION('center_axis',(1.,0.,0.));
#2162=DIRECTION('ref_axis',(0.,1.,0.));
#2163=DIRECTION('center_axis',(-0.408248290463862,-0.816496580927726,0.408248290463863));
#2164=DIRECTION('ref_axis',(-0.577350269189626,0.577350269189626,0.577350269189626));
#2165=DIRECTION('center_axis',(0.,0.,1.));
#2166=DIRECTION('ref_axis',(-0.707106781186548,0.707106781186548,0.));
#2167=DIRECTION('center_axis',(0.,0.,1.));
#2168=DIRECTION('ref_axis',(-0.707106781186547,-0.707106781186548,0.));
#2169=DIRECTION('',(0.,0.,-1.));
#2170=DIRECTION('',(0.,0.,1.));
#2171=DIRECTION('center_axis',(-1.,1.14745787488988E-16,0.));
#2172=DIRECTION('ref_axis',(-1.14745787488988E-16,-1.,0.));
#2173=DIRECTION('',(0.,0.,1.));
#2174=DIRECTION('center_axis',(0.,0.,1.));
#2175=DIRECTION('ref_axis',(-0.707106781186547,0.707106781186547,0.));
#2176=DIRECTION('',(0.,0.,-1.));
#2177=DIRECTION('center_axis',(0.,1.,0.));
#2178=DIRECTION('ref_axis',(-1.,0.,0.));
#2179=DIRECTION('',(0.,0.,1.));
#2180=DIRECTION('center_axis',(0.,0.,1.));
#2181=DIRECTION('ref_axis',(0.707106781186547,0.707106781186548,0.));
#2182=DIRECTION('',(0.,0.,-1.));
#2183=DIRECTION('center_axis',(1.,1.14745787488988E-16,0.));
#2184=DIRECTION('ref_axis',(-1.14745787488988E-16,1.,0.));
#2185=DIRECTION('',(0.,0.,1.));
#2186=DIRECTION('center_axis',(0.,0.,1.));
#2187=DIRECTION('ref_axis',(0.707106781186547,-0.707106781186547,0.));
#2188=DIRECTION('',(0.,0.,-1.));
#2189=DIRECTION('center_axis',(0.,0.,1.));
#2190=DIRECTION('ref_axis',(-4.39692286980258E-15,1.,0.));
#2191=DIRECTION('',(0.,0.,1.));
#2192=DIRECTION('',(0.,0.,1.));
#2193=DIRECTION('center_axis',(1.,0.,0.));
#2194=DIRECTION('ref_axis',(0.,1.,0.));
#2195=DIRECTION('',(0.,0.,1.));
#2196=DIRECTION('center_axis',(0.,0.,1.));
#2197=DIRECTION('ref_axis',(-1.,2.19846143490131E-15,0.));
#2198=DIRECTION('',(0.,0.,1.));
#2199=DIRECTION('center_axis',(-2.4980018054066E-16,1.,0.));
#2200=DIRECTION('ref_axis',(-1.,-2.4980018054066E-16,0.));
#2201=DIRECTION('',(0.,0.,1.));
#2202=DIRECTION('center_axis',(0.,0.,1.));
#2203=DIRECTION('ref_axis',(0.,-1.,0.));
#2204=DIRECTION('center_axis',(-4.44089209850063E-16,-1.,0.));
#2205=DIRECTION('ref_axis',(1.,-4.44089209850063E-16,0.));
#2206=DIRECTION('center_axis',(0.,1.,0.));
#2207=DIRECTION('ref_axis',(-1.,0.,0.));
#2208=DIRECTION('center_axis',(0.,-1.,0.));
#2209=DIRECTION('ref_axis',(1.,0.,0.));
#2210=CARTESIAN_POINT('',(0.,0.,0.));
#2211=CARTESIAN_POINT('Origin',(37.9252338967589,-32.3203525136063,29.295));
#2212=CARTESIAN_POINT('',(38.409586,-27.8464947778165,29.295));
#2213=CARTESIAN_POINT('',(42.4252338967589,-32.3203525136063,27.2740219820028));
#2214=CARTESIAN_POINT('Ctrl Pts',(38.409586,-27.8464947778165,29.295));
#2215=CARTESIAN_POINT('Ctrl Pts',(38.8371597726472,-27.8927850866065,29.295));
#2216=CARTESIAN_POINT('Ctrl Pts',(39.2664645446504,-28.0033507470225,29.2380842929092));
#2217=CARTESIAN_POINT('Ctrl Pts',(40.2116102234376,-28.3991987162879,28.9932077587099));
#2218=CARTESIAN_POINT('Ctrl Pts',(40.6991299552559,-28.7372496381061,28.7626056729878));
#2219=CARTESIAN_POINT('Ctrl Pts',(41.4824543589985,-29.5067289234835,28.2680903728287));
#2220=CARTESIAN_POINT('Ctrl Pts',(41.8259163916551,-29.9988149098435,27.9619950270021));
#2221=CARTESIAN_POINT('Ctrl Pts',(42.178191311622,-30.8199964206042,27.5854643139066));
#2222=CARTESIAN_POINT('Ctrl Pts',(42.269465346027,-31.107942269942,27.4748184809516));
#2223=CARTESIAN_POINT('Ctrl Pts',(42.3930007113119,-31.702821064644,27.3186272010958));
#2224=CARTESIAN_POINT('Ctrl Pts',(42.4252338967589,-32.0100063222807,27.2740219820028));
#2225=CARTESIAN_POINT('Ctrl Pts',(42.4252338967589,-32.3203525136063,27.2740219820028));
#2226=CARTESIAN_POINT('',(33.6425905957664,-33.702006,29.295));
#2227=CARTESIAN_POINT('Origin',(37.9252338967589,-32.3203525136063,29.295));
#2228=CARTESIAN_POINT('',(38.409586,-36.794210249396,28.2241567645002));
#2229=CARTESIAN_POINT('Ctrl Pts',(38.409586,-36.794210249396,28.2241567645002));
#2230=CARTESIAN_POINT('Ctrl Pts',(38.2464263295693,-36.8118743626075,28.2102552967786));
#2231=CARTESIAN_POINT('Ctrl Pts',(38.0840950637217,-36.8203525136063,28.2034415079517));
#2232=CARTESIAN_POINT('Ctrl Pts',(37.4667717607279,-36.8203525136063,28.2034415079517));
#2233=CARTESIAN_POINT('Ctrl Pts',(36.9803117144691,-36.7460025092943,28.2658271610543));
#2234=CARTESIAN_POINT('Ctrl Pts',(36.070211018198,-36.4480824145609,28.4773964674762));
#2235=CARTESIAN_POINT('Ctrl Pts',(35.6452956525999,-36.2248313424124,28.6215135695086));
#2236=CARTESIAN_POINT('Ctrl Pts',(34.9329957123818,-35.7099915692701,28.8831794978515));
#2237=CARTESIAN_POINT('Ctrl Pts',(34.5869036037644,-35.3757929173455,29.0234478259901));
#2238=CARTESIAN_POINT('Ctrl Pts',(34.0177647081984,-34.6033004315517,29.2293134794837));
#2239=CARTESIAN_POINT('Ctrl Pts',(33.7948439778977,-34.1642983568446,29.2925945485298));
#2240=CARTESIAN_POINT('Ctrl Pts',(33.6483907140286,-33.7198882958436,29.2949759618503));
#2241=CARTESIAN_POINT('Ctrl Pts',(33.6454784244187,-33.7109572603225,29.295));
#2242=CARTESIAN_POINT('Ctrl Pts',(33.6425905957664,-33.702006,29.295));
#2243=CARTESIAN_POINT('',(42.2078771977514,-33.702006,27.5466125195177));
#2244=CARTESIAN_POINT('Ctrl Pts',(42.2078771977514,-33.702006,27.5466125195177));
#2245=CARTESIAN_POINT('Ctrl Pts',(42.1908821929638,-33.7546845797745,27.5664648164021));
#2246=CARTESIAN_POINT('Ctrl Pts',(42.1730444217256,-33.8066441653164,27.5857043830903));
#2247=CARTESIAN_POINT('Ctrl Pts',(41.9429481277848,-34.4396161940951,27.8162954851499));
#2248=CARTESIAN_POINT('Ctrl Pts',(41.5845050338714,-35.0252291973723,27.9880044200034));
#2249=CARTESIAN_POINT('Ctrl Pts',(40.6286719765741,-35.9806884280901,28.2132363339076));
#2250=CARTESIAN_POINT('Ctrl Pts',(40.0314807791967,-36.3504843586524,28.2678149122755));
#2251=CARTESIAN_POINT('Ctrl Pts',(39.0954956919487,-36.6786030585112,28.2678149122755));
#2252=CARTESIAN_POINT('Ctrl Pts',(38.7559934230982,-36.75670723212,28.2536712370287));
#2253=CARTESIAN_POINT('Ctrl Pts',(38.409586,-36.794210249396,28.2241567645002));
#2254=CARTESIAN_POINT('Ctrl Pts',(42.4252338967589,-32.3203525136063,27.2740219820028));
#2255=CARTESIAN_POINT('Ctrl Pts',(42.4252338967589,-32.6306987049318,27.2740219820028));
#2256=CARTESIAN_POINT('Ctrl Pts',(42.3930007113119,-32.9378839625685,27.3186272010958));
#2257=CARTESIAN_POINT('Ctrl Pts',(42.2983195728536,-33.3938165726128,27.438336793243));
#2258=CARTESIAN_POINT('Ctrl Pts',(42.2570392581327,-33.549620781399,27.4891850677261));
#2259=CARTESIAN_POINT('Ctrl Pts',(42.2078771977514,-33.702006,27.5466125195177));
#2260=CARTESIAN_POINT('',(42.4252338967589,-32.3203525136063,24.295));
#2261=CARTESIAN_POINT('',(42.4252338967589,-32.3203525136063,29.295));
#2262=CARTESIAN_POINT('Origin',(37.9252338967589,-32.3203525136063,24.295));
#2263=CARTESIAN_POINT('Origin',(37.9252338967589,-32.3203525136063,24.295));
#2264=CARTESIAN_POINT('',(36.0660753110197,-32.4509452118316,24.295));
#2265=CARTESIAN_POINT('Origin',(37.7660753110197,-32.4509452118316,24.295));
#2266=CARTESIAN_POINT('Origin',(-37.5953642249741,-32.3203525136063,29.295));
#2267=CARTESIAN_POINT('',(-33.3127209239816,-33.702006,29.295));
#2268=CARTESIAN_POINT('',(-38.654995,-36.6938159718528,28.3011294402855));
#2269=CARTESIAN_POINT('Ctrl Pts',(-33.3127209239816,-33.702006,29.295));
#2270=CARTESIAN_POINT('Ctrl Pts',(-33.315608752634,-33.7109572603226,29.295));
#2271=CARTESIAN_POINT('Ctrl Pts',(-33.3185210422438,-33.7198882958434,29.2949759618503));
#2272=CARTESIAN_POINT('Ctrl Pts',(-33.4649743061129,-34.1642983568446,29.2925945485298));
#2273=CARTESIAN_POINT('Ctrl Pts',(-33.6878950364137,-34.6033004315517,29.2293134794837));
#2274=CARTESIAN_POINT('Ctrl Pts',(-34.2570339319796,-35.3757929173456,29.0234478259901));
#2275=CARTESIAN_POINT('Ctrl Pts',(-34.6031260405971,-35.7099915692701,28.8831794978515));
#2276=CARTESIAN_POINT('Ctrl Pts',(-35.3154259808152,-36.2248313424124,28.6215135695085));
#2277=CARTESIAN_POINT('Ctrl Pts',(-35.7403413464133,-36.4480824145609,28.4773964674762));
#2278=CARTESIAN_POINT('Ctrl Pts',(-36.6504420426843,-36.7460025092943,28.2658271610543));
#2279=CARTESIAN_POINT('Ctrl Pts',(-37.1369020889431,-36.8203525136063,28.2034415079517));
#2280=CARTESIAN_POINT('Ctrl Pts',(-37.9410773697441,-36.8203525136063,28.2034415079517));
#2281=CARTESIAN_POINT('Ctrl Pts',(-38.3032036337355,-36.7790502402173,28.2374757970777));
#2282=CARTESIAN_POINT('Ctrl Pts',(-38.654995,-36.6938159718528,28.3011294402855));
#2283=CARTESIAN_POINT('',(-33.0953642249741,-32.3203525136063,29.295));
#2284=CARTESIAN_POINT('Origin',(-37.5953642249741,-32.3203525136063,29.295));
#2285=CARTESIAN_POINT('',(-33.0953642249741,-32.3203525136063,24.295));
#2286=CARTESIAN_POINT('',(-33.0953642249741,-32.3203525136063,29.295));
#2287=CARTESIAN_POINT('Origin',(-37.5953642249741,-32.3203525136063,24.295));
#2288=CARTESIAN_POINT('',(-38.654995,-27.9468890553597,29.295));
#2289=CARTESIAN_POINT('Origin',(-37.5953642249741,-32.3203525136063,29.295));
#2290=CARTESIAN_POINT('',(-41.8780075259666,-33.702006,28.117589470171));
#2291=CARTESIAN_POINT('Ctrl Pts',(-41.8780075259666,-33.702006,28.117589470171));
#2292=CARTESIAN_POINT('Ctrl Pts',(-42.0223180127029,-33.2546938878314,27.9959142262013));
#2293=CARTESIAN_POINT('Ctrl Pts',(-42.0953642249741,-32.7771999930132,27.9232033564632));
#2294=CARTESIAN_POINT('Ctrl Pts',(-42.0953642249741,-31.8313565076734,27.9232033564632));
#2295=CARTESIAN_POINT('Ctrl Pts',(-42.0112034689645,-31.3190897000216,28.0073618740363));
#2296=CARTESIAN_POINT('Ctrl Pts',(-41.6818609457024,-30.3702964452054,28.2804534665188));
#2297=CARTESIAN_POINT('Ctrl Pts',(-41.43685142503,-29.9317187651827,28.4624194200283));
#2298=CARTESIAN_POINT('Ctrl Pts',(-40.8730797238373,-29.2029029459693,28.7878686111646));
#2299=CARTESIAN_POINT('Ctrl Pts',(-40.5083993488784,-28.8534675479869,28.9594960761466));
#2300=CARTESIAN_POINT('Ctrl Pts',(-39.6674226036009,-28.2939843291562,29.2110575206007));
#2301=CARTESIAN_POINT('Ctrl Pts',(-39.1902426900202,-28.0842369487745,29.288699898805));
#2302=CARTESIAN_POINT('Ctrl Pts',(-38.6967482912584,-27.9571642365362,29.2948686986392));
#2303=CARTESIAN_POINT('Ctrl Pts',(-38.6759142340507,-27.9519575015469,29.295));
#2304=CARTESIAN_POINT('Ctrl Pts',(-38.654995,-27.9468890553597,29.295));
#2305=CARTESIAN_POINT('Ctrl Pts',(-38.654995,-36.6938159718528,28.3011294402855));
#2306=CARTESIAN_POINT('Ctrl Pts',(-39.2658450374074,-36.5458153072212,28.411657537514));
#2307=CARTESIAN_POINT('Ctrl Pts',(-39.851784646596,-36.2608742645616,28.4650158914906));
#2308=CARTESIAN_POINT('Ctrl Pts',(-40.8273236747683,-35.5127046354396,28.4650158914906));
#2309=CARTESIAN_POINT('Ctrl Pts',(-41.2628345716254,-35.0060490850868,28.4090429752579));
#2310=CARTESIAN_POINT('Ctrl Pts',(-41.6923549584917,-34.2011188615363,28.2447220309883));
#2311=CARTESIAN_POINT('Ctrl Pts',(-41.7970202904571,-33.9530381473772,28.1858737775829));
#2312=CARTESIAN_POINT('Ctrl Pts',(-41.8780075259666,-33.702006,28.117589470171));
#2313=CARTESIAN_POINT('Origin',(-37.5953642249741,-32.3203525136063,24.295));
#2314=CARTESIAN_POINT('',(-39.1152585794821,-32.581572226704,24.295));
#2315=CARTESIAN_POINT('Origin',(-37.4152585794821,-32.581572226704,24.295));
#2316=CARTESIAN_POINT('Origin',(37.3247710931595,32.6596872818104,29.295));
#2317=CARTESIAN_POINT('',(32.947149161751,33.702005,29.295));
#2318=CARTESIAN_POINT('',(38.409586,37.0269720925248,28.0292460863777));
#2319=CARTESIAN_POINT('Ctrl Pts',(32.947149161751,33.702005,29.295));
#2320=CARTESIAN_POINT('Ctrl Pts',(32.9521152999415,33.7228622444638,29.295));
#2321=CARTESIAN_POINT('Ctrl Pts',(32.9572191045298,33.7436360416218,29.2948694758601));
#2322=CARTESIAN_POINT('Ctrl Pts',(33.0827256216515,34.2392745762527,29.2886917891096));
#2323=CARTESIAN_POINT('Ctrl Pts',(33.2915530092081,34.7187514658367,29.2103755311754));
#2324=CARTESIAN_POINT('Ctrl Pts',(33.8502492090968,35.5638720914059,28.956345410152));
#2325=CARTESIAN_POINT('Ctrl Pts',(34.1998054387863,35.930408731333,28.7829206715567));
#2326=CARTESIAN_POINT('Ctrl Pts',(34.9295242567646,36.4972184200259,28.4536550157511));
#2327=CARTESIAN_POINT('Ctrl Pts',(35.3689125014522,36.7435844768505,28.2693447187279));
#2328=CARTESIAN_POINT('Ctrl Pts',(36.3200212414076,37.0748957835265,27.9923285850044));
#2329=CARTESIAN_POINT('Ctrl Pts',(36.8338444958928,37.1596872818104,27.9067078007577));
#2330=CARTESIAN_POINT('Ctrl Pts',(37.6820070225524,37.1596872818104,27.9067078007577));
#2331=CARTESIAN_POINT('Ctrl Pts',(38.0520258682857,37.1157885031294,27.9501640881094));
#2332=CARTESIAN_POINT('Ctrl Pts',(38.409586,37.0269720925248,28.0292460863777));
#2333=CARTESIAN_POINT('',(38.409586,28.292402471096,29.295));
#2334=CARTESIAN_POINT('Origin',(37.3247710931595,32.6596872818104,29.295));
#2335=CARTESIAN_POINT('',(41.8247710931595,32.6596872818104,27.9469187805127));
#2336=CARTESIAN_POINT('Ctrl Pts',(41.8247710931595,32.6596872818104,27.9469187805127));
#2337=CARTESIAN_POINT('Ctrl Pts',(41.8247710931595,32.1734337865474,27.9469187805127));
#2338=CARTESIAN_POINT('Ctrl Pts',(41.7415044597492,31.6633933653705,28.0290156268795));
#2339=CARTESIAN_POINT('Ctrl Pts',(41.4149619227788,30.7179136836986,28.2965321823996));
#2340=CARTESIAN_POINT('Ctrl Pts',(41.1718824598167,30.2804963391671,28.4751536811852));
#2341=CARTESIAN_POINT('Ctrl Pts',(40.6124353517655,29.552989319069,28.7951301402217));
#2342=CARTESIAN_POINT('Ctrl Pts',(40.2504053952083,29.2037430926962,28.9641630874709));
#2343=CARTESIAN_POINT('Ctrl Pts',(39.415352265399,28.6431765653723,29.2121266054616));
#2344=CARTESIAN_POINT('Ctrl Pts',(38.9414592054013,28.4321396158548,29.2887621192758));
#2345=CARTESIAN_POINT('Ctrl Pts',(38.4511982805992,28.3028973210081,29.2948695744827));
#2346=CARTESIAN_POINT('Ctrl Pts',(38.4304353434223,28.2975813590144,29.295));
#2347=CARTESIAN_POINT('Ctrl Pts',(38.409586,28.292402471096,29.295));
#2348=CARTESIAN_POINT('',(41.8247710931595,32.6596872818104,24.295));
#2349=CARTESIAN_POINT('',(41.8247710931595,32.6596872818104,29.295));
#2350=CARTESIAN_POINT('Origin',(37.3247710931595,32.6596872818104,24.295));
#2351=CARTESIAN_POINT('',(41.7023930245679,33.702005,28.0576349675402));
#2352=CARTESIAN_POINT('Ctrl Pts',(41.7023930245679,33.702005,28.0576349675402));
#2353=CARTESIAN_POINT('Ctrl Pts',(41.7844399266603,33.3574168655608,27.9858329942198));
#2354=CARTESIAN_POINT('Ctrl Pts',(41.8247710931595,33.002335069463,27.9469187805127));
#2355=CARTESIAN_POINT('Ctrl Pts',(41.8247710931595,32.6596872818104,27.9469187805127));
#2356=CARTESIAN_POINT('Ctrl Pts',(38.409586,37.0269720925248,28.0292460863777));
#2357=CARTESIAN_POINT('Ctrl Pts',(38.5795424372741,36.9847556389022,28.0668355531165));
#2358=CARTESIAN_POINT('Ctrl Pts',(38.748182025386,36.9322921150644,28.100619466132));
#2359=CARTESIAN_POINT('Ctrl Pts',(39.5408506924622,36.6331617234224,28.2435250986382));
#2360=CARTESIAN_POINT('Ctrl Pts',(40.1199501687115,36.2455356705583,28.298303744385));
#2361=CARTESIAN_POINT('Ctrl Pts',(41.0194011901068,35.3094123955195,28.298303744385));
#2362=CARTESIAN_POINT('Ctrl Pts',(41.3835879357439,34.7152927320228,28.2435250986382));
#2363=CARTESIAN_POINT('Ctrl Pts',(41.6364059534448,33.9546727651049,28.1083272531454));
#2364=CARTESIAN_POINT('Ctrl Pts',(41.6722205190813,33.8287262668833,28.0840399307834));
#2365=CARTESIAN_POINT('Ctrl Pts',(41.7023930245679,33.702005,28.0576349675402));
#2366=CARTESIAN_POINT('Origin',(37.3247710931595,32.6596872818104,24.295));
#2367=CARTESIAN_POINT('',(35.6597593705505,32.4896720754926,24.295));
#2368=CARTESIAN_POINT('Origin',(37.3597593705505,32.4896720754926,24.295));
#2369=CARTESIAN_POINT('Origin',(-27.849984,23.232994,29.295));
#2370=CARTESIAN_POINT('',(-33.0684355335036,30.5656445161826,29.295));
#2371=CARTESIAN_POINT('',(-34.933871476069,28.784438697229,29.295));
#2372=CARTESIAN_POINT('Origin',(-27.849984,23.232994,29.295));
#2373=CARTESIAN_POINT('',(-33.0684355335036,30.5656445161826,24.295));
#2374=CARTESIAN_POINT('',(-33.0684355335036,30.5656445161826,29.295));
#2375=CARTESIAN_POINT('',(-34.933871476069,28.784438697229,24.295));
#2376=CARTESIAN_POINT('Origin',(-27.849984,23.232994,24.295));
#2377=CARTESIAN_POINT('',(-34.933871476069,28.784438697229,29.295));
#2378=CARTESIAN_POINT('Origin',(-36.978457891707,32.7931375371257,29.295));
#2379=CARTESIAN_POINT('',(-38.654995,36.9691671496304,28.0799242380822));
#2380=CARTESIAN_POINT('',(-32.571195710383,33.702005,29.295));
#2381=CARTESIAN_POINT('Ctrl Pts',(-38.654995,36.9691671496304,28.0799242380822));
#2382=CARTESIAN_POINT('Ctrl Pts',(-38.6029829032717,36.9900482779596,28.0618995623352));
#2383=CARTESIAN_POINT('Ctrl Pts',(-38.5504606354098,37.0100054938195,28.0443706001755));
#2384=CARTESIAN_POINT('Ctrl Pts',(-38.0123843574959,37.2029646591579,27.872372444287));
#2385=CARTESIAN_POINT('Ctrl Pts',(-37.4857328005208,37.2931375371257,27.7740468667147));
#2386=CARTESIAN_POINT('Ctrl Pts',(-36.4711829828932,37.2931375371257,27.7740468667147));
#2387=CARTESIAN_POINT('Ctrl Pts',(-35.944531425918,37.2029646591579,27.872372444287));
#2388=CARTESIAN_POINT('Ctrl Pts',(-34.9743312263422,36.8550418303592,28.182500677066));
#2389=CARTESIAN_POINT('Ctrl Pts',(-34.528251530008,36.5972384031168,28.386268016273));
#2390=CARTESIAN_POINT('Ctrl Pts',(-33.7914436950417,36.0048581689524,28.7465593674052));
#2391=CARTESIAN_POINT('Ctrl Pts',(-33.4412562837198,35.6228901863994,28.9341947340142));
#2392=CARTESIAN_POINT('Ctrl Pts',(-32.8900152601266,34.7435051720658,29.2069451449715));
#2393=CARTESIAN_POINT('Ctrl Pts',(-32.6893797495517,34.2451241932612,29.2897915642281));
#2394=CARTESIAN_POINT('Ctrl Pts',(-32.5782179180155,33.7355708826624,29.2949152504092));
#2395=CARTESIAN_POINT('Ctrl Pts',(-32.5746616639841,33.7188120338662,29.295));
#2396=CARTESIAN_POINT('Ctrl Pts',(-32.571195710383,33.702005,29.295));
#2397=CARTESIAN_POINT('',(-41.3857200730309,33.702005,28.4834532438026));
#2398=CARTESIAN_POINT('Ctrl Pts',(-41.3857200730309,33.702005,28.4834532438026));
#2399=CARTESIAN_POINT('Ctrl Pts',(-41.2957243280701,34.1384105920666,28.5421273229735));
#2400=CARTESIAN_POINT('Ctrl Pts',(-41.1390160536863,34.5605764922549,28.5701115864795));
#2401=CARTESIAN_POINT('Ctrl Pts',(-40.6458987650396,35.4702024464533,28.5701115864795));
#2402=CARTESIAN_POINT('Ctrl Pts',(-40.2275619512715,35.9689139919703,28.5133178217941));
#2403=CARTESIAN_POINT('Ctrl Pts',(-39.397536814993,36.6111404423491,28.3163140240483));
#2404=CARTESIAN_POINT('Ctrl Pts',(-39.0283305025618,36.8192853523333,28.2093028211779));
#2405=CARTESIAN_POINT('Ctrl Pts',(-38.654995,36.9691671496304,28.0799242380822));
#2406=CARTESIAN_POINT('',(-38.654995,28.6171079246209,29.295));
#2407=CARTESIAN_POINT('Ctrl Pts',(-38.654995,28.6171079246209,29.295));
#2408=CARTESIAN_POINT('Ctrl Pts',(-39.0447667588249,28.7735883325849,29.295));
#2409=CARTESIAN_POINT('Ctrl Pts',(-39.4353978976649,28.9973516402463,29.2464080976975));
#2410=CARTESIAN_POINT('Ctrl Pts',(-40.1402714641137,29.558279281314,29.0835571049454));
#2411=CARTESIAN_POINT('Ctrl Pts',(-40.451015711663,29.9001011209341,28.96861247985));
#2412=CARTESIAN_POINT('Ctrl Pts',(-40.9290990599379,30.5973511504294,28.7556135205416));
#2413=CARTESIAN_POINT('Ctrl Pts',(-41.1361393001232,31.0110418552684,28.6389543371914));
#2414=CARTESIAN_POINT('Ctrl Pts',(-41.4109675862126,31.8903464773637,28.4700013921874));
#2415=CARTESIAN_POINT('Ctrl Pts',(-41.478457891707,32.3567790966956,28.4215066701938));
#2416=CARTESIAN_POINT('Ctrl Pts',(-41.478457891707,33.0881362418924,28.4215066701938));
#2417=CARTESIAN_POINT('Ctrl Pts',(-41.448569825546,33.3972352192784,28.4424774025942));
#2418=CARTESIAN_POINT('Ctrl Pts',(-41.3857200730309,33.702005,28.4834532438026));
#2419=CARTESIAN_POINT('Origin',(-36.978457891707,32.7931375371257,29.295));
#2420=CARTESIAN_POINT('Origin',(-36.978457891707,32.7931375371257,24.295));
#2421=CARTESIAN_POINT('Origin',(-36.978457891707,32.7931375371257,29.295));
#2422=CARTESIAN_POINT('Origin',(-36.978457891707,32.7931375371257,24.295));
#2423=CARTESIAN_POINT('',(-38.701356136434,32.9086724713698,24.295));
#2424=CARTESIAN_POINT('Origin',(-37.001356136434,32.9086724713698,24.295));
#2425=CARTESIAN_POINT('Origin',(38.409586,-33.702006,24.295));
#2426=CARTESIAN_POINT('',(38.409586,-38.702006,24.295));
#2427=CARTESIAN_POINT('Origin',(38.409586,-33.702006,24.295));
#2428=CARTESIAN_POINT('',(43.409586,-33.702006,24.295));
#2429=CARTESIAN_POINT('Origin',(38.409586,-33.702006,24.295));
#2430=CARTESIAN_POINT('Origin',(38.409586,-33.702006,24.295));
#2431=CARTESIAN_POINT('Origin',(-38.654995,-33.702006,24.295));
#2432=CARTESIAN_POINT('',(-43.654995,-33.702006,24.295));
#2433=CARTESIAN_POINT('Origin',(-38.654995,-33.702006,24.295));
#2434=CARTESIAN_POINT('',(-38.654995,-38.702006,24.295));
#2435=CARTESIAN_POINT('Origin',(-38.654995,-33.702006,24.295));
#2436=CARTESIAN_POINT('Origin',(-38.654995,-33.702006,24.295));
#2437=CARTESIAN_POINT('Origin',(-21.88884975,-33.702006,24.295));
#2438=CARTESIAN_POINT('',(-21.88884975,-33.702006,29.295));
#2439=CARTESIAN_POINT('',(-21.88884975,-38.702006,24.295));
#2440=CARTESIAN_POINT('Origin',(38.409586,33.702005,24.295));
#2441=CARTESIAN_POINT('',(43.409586,33.702005,24.295));
#2442=CARTESIAN_POINT('Origin',(38.409586,33.702005,24.295));
#2443=CARTESIAN_POINT('',(38.409586,38.702005,24.295));
#2444=CARTESIAN_POINT('Origin',(38.409586,33.702005,24.295));
#2445=CARTESIAN_POINT('Origin',(38.409586,33.702005,24.295));
#2446=CARTESIAN_POINT('Origin',(-38.654995,19.35100225,24.295));
#2447=CARTESIAN_POINT('',(-38.654995,19.35100225,29.295));
#2448=CARTESIAN_POINT('',(-43.654995,33.702005,24.295));
#2449=CARTESIAN_POINT('Origin',(-38.654995,33.702005,24.295));
#2450=CARTESIAN_POINT('',(-43.654995,19.35100225,24.295));
#2451=CARTESIAN_POINT('Origin',(37.7660753110197,-32.4509452118316,0.));
#2452=CARTESIAN_POINT('',(36.0660753110197,-32.4509452118316,22.6));
#2453=CARTESIAN_POINT('Origin',(37.7660753110197,-32.4509452118316,22.6));
#2454=CARTESIAN_POINT('',(36.0660753110197,-32.4509452118316,0.));
#2455=CARTESIAN_POINT('Origin',(37.3597593705505,32.4896720754926,0.));
#2456=CARTESIAN_POINT('',(35.6597593705505,32.4896720754926,22.6));
#2457=CARTESIAN_POINT('Origin',(37.3597593705505,32.4896720754926,22.6));
#2458=CARTESIAN_POINT('',(35.6597593705505,32.4896720754926,0.));
#2459=CARTESIAN_POINT('Origin',(-37.001356136434,32.9086724713698,0.));
#2460=CARTESIAN_POINT('',(-38.701356136434,32.9086724713698,22.6));
#2461=CARTESIAN_POINT('Origin',(-37.001356136434,32.9086724713698,22.6));
#2462=CARTESIAN_POINT('',(-38.701356136434,32.9086724713698,0.));
#2463=CARTESIAN_POINT('Origin',(-37.4152585794821,-32.581572226704,0.));
#2464=CARTESIAN_POINT('',(-39.1152585794821,-32.581572226704,22.6));
#2465=CARTESIAN_POINT('Origin',(-37.4152585794821,-32.581572226704,22.6));
#2466=CARTESIAN_POINT('',(-39.1152585794821,-32.581572226704,0.));
#2467=CARTESIAN_POINT('Ctrl Pts',(-14.204984,8.05228714882743,29.295));
#2468=CARTESIAN_POINT('Ctrl Pts',(-13.9060238676207,7.75839220870139,29.295));
#2469=CARTESIAN_POINT('Ctrl Pts',(-13.9060238676207,7.339165066708,29.295));
#2470=CARTESIAN_POINT('Ctrl Pts',(-11.4008245295172,10.9047754773052,29.295));
#2471=CARTESIAN_POINT('Ctrl Pts',(-9.90602386762069,9.43530077667493,29.295));
#2472=CARTESIAN_POINT('Ctrl Pts',(-9.90602386762069,7.339165066708,29.295));
#2473=CARTESIAN_POINT('Ctrl Pts',(-11.4008245295172,10.9047754773052,25.295));
#2474=CARTESIAN_POINT('Ctrl Pts',(-9.90602386762069,9.43530077667493,25.295));
#2475=CARTESIAN_POINT('Ctrl Pts',(-9.90602386762069,7.339165066708,25.295));
#2476=CARTESIAN_POINT('',(-11.4008245295172,10.9047754773052,25.295));
#2477=CARTESIAN_POINT('',(-14.204984,8.05228714882743,29.295));
#2478=CARTESIAN_POINT('Origin',(-14.204984,8.05228714882743,25.295));
#2479=CARTESIAN_POINT('',(-13.9060238676207,7.339165066708,29.295));
#2480=CARTESIAN_POINT('Origin',(-14.9060238676207,7.339165066708,29.295));
#2481=CARTESIAN_POINT('',(-9.90602386762069,7.339165066708,25.295));
#2482=CARTESIAN_POINT('Origin',(-13.9060238676207,7.339165066708,25.295));
#2483=CARTESIAN_POINT('Origin',(-14.9060238676207,7.339165066708,25.295));
#2484=CARTESIAN_POINT('Origin',(-13.9060238676207,-3.355417716646,25.295));
#2485=CARTESIAN_POINT('',(-13.9060238676207,-1.710834933292,29.295));
#2486=CARTESIAN_POINT('',(-9.90602386762069,-1.710834933292,25.295));
#2487=CARTESIAN_POINT('Origin',(-13.9060238676207,-1.710834933292,25.295));
#2488=CARTESIAN_POINT('',(-9.90602386762069,-3.355417716646,25.295));
#2489=CARTESIAN_POINT('',(-13.9060238676207,-3.355417716646,29.295));
#2490=CARTESIAN_POINT('Ctrl Pts',(-13.9060238676207,-1.710834933292,29.295));
#2491=CARTESIAN_POINT('Ctrl Pts',(-13.9060238676207,-2.710834933292,29.295));
#2492=CARTESIAN_POINT('Ctrl Pts',(-14.9060238676207,-2.710834933292,29.295));
#2493=CARTESIAN_POINT('Ctrl Pts',(-9.90602386762069,-1.710834933292,29.295));
#2494=CARTESIAN_POINT('Ctrl Pts',(-9.9060238676207,-6.710834933292,29.295));
#2495=CARTESIAN_POINT('Ctrl Pts',(-14.9060238676207,-6.710834933292,29.295));
#2496=CARTESIAN_POINT('Ctrl Pts',(-9.90602386762069,-1.710834933292,25.295));
#2497=CARTESIAN_POINT('Ctrl Pts',(-9.9060238676207,-6.710834933292,25.295));
#2498=CARTESIAN_POINT('Ctrl Pts',(-14.9060238676207,-6.710834933292,25.295));
#2499=CARTESIAN_POINT('',(-14.9060238676207,-2.710834933292,29.295));
#2500=CARTESIAN_POINT('',(-14.9060238676207,-6.710834933292,25.295));
#2501=CARTESIAN_POINT('Origin',(-14.9060238676207,-2.710834933292,25.295));
#2502=CARTESIAN_POINT('Origin',(-14.9060238676207,-1.710834933292,25.295));
#2503=CARTESIAN_POINT('Origin',(-14.9060238676207,-1.710834933292,29.295));
#2504=CARTESIAN_POINT('Origin',(-14.5393641838103,-2.710834933292,25.295));
#2505=CARTESIAN_POINT('',(-23.9560238676207,-2.710834933292,29.295));
#2506=CARTESIAN_POINT('',(-23.9560238676207,-6.710834933292,25.295));
#2507=CARTESIAN_POINT('Origin',(-23.9560238676207,-2.710834933292,25.295));
#2508=CARTESIAN_POINT('',(-14.5393641838103,-6.710834933292,25.295));
#2509=CARTESIAN_POINT('',(-14.5393641838103,-2.710834933292,29.295));
#2510=CARTESIAN_POINT('Origin',(-23.9560238676207,-11.710834933292,25.295));
#2511=CARTESIAN_POINT('',(-32.9560238676207,-11.710834933292,29.295));
#2512=CARTESIAN_POINT('',(-28.9560238676207,-11.710834933292,25.295));
#2513=CARTESIAN_POINT('Origin',(-32.9560238676207,-11.710834933292,25.295));
#2514=CARTESIAN_POINT('Origin',(-23.9560238676207,-11.710834933292,25.295));
#2515=CARTESIAN_POINT('Origin',(-23.9560238676207,-11.710834933292,29.295));
#2516=CARTESIAN_POINT('Origin',(-32.9560238676207,-12.880417716646,25.295));
#2517=CARTESIAN_POINT('',(-32.9560238676207,-20.760834933292,29.295));
#2518=CARTESIAN_POINT('',(-28.9560238676207,-20.760834933292,25.295));
#2519=CARTESIAN_POINT('Origin',(-32.9560238676207,-20.760834933292,25.295));
#2520=CARTESIAN_POINT('',(-28.9560238676207,-12.880417716646,25.295));
#2521=CARTESIAN_POINT('',(-32.9560238676207,-12.880417716646,29.295));
#2522=CARTESIAN_POINT('Origin',(-23.9560238676207,-20.760834933292,25.295));
#2523=CARTESIAN_POINT('',(-23.9560238676207,-29.760834933292,29.295));
#2524=CARTESIAN_POINT('',(-23.9560238676207,-25.760834933292,25.295));
#2525=CARTESIAN_POINT('Origin',(-23.9560238676207,-29.760834933292,25.295));
#2526=CARTESIAN_POINT('Origin',(-23.9560238676207,-20.760834933292,25.295));
#2527=CARTESIAN_POINT('Origin',(-23.9560238676207,-20.760834933292,29.295));
#2528=CARTESIAN_POINT('Origin',(14.0356358161897,-29.760834933292,25.295));
#2529=CARTESIAN_POINT('',(23.1939761323793,-29.760834933292,29.295));
#2530=CARTESIAN_POINT('',(23.1939761323793,-25.760834933292,25.295));
#2531=CARTESIAN_POINT('Origin',(23.1939761323793,-29.760834933292,25.295));
#2532=CARTESIAN_POINT('',(14.0356358161897,-25.760834933292,25.295));
#2533=CARTESIAN_POINT('',(14.0356358161897,-29.760834933292,29.295));
#2534=CARTESIAN_POINT('Origin',(23.1939761323793,-20.760834933292,25.295));
#2535=CARTESIAN_POINT('',(32.1939761323793,-20.760834933292,29.295));
#2536=CARTESIAN_POINT('',(28.1939761323793,-20.760834933292,25.295));
#2537=CARTESIAN_POINT('Origin',(32.1939761323793,-20.760834933292,25.295));
#2538=CARTESIAN_POINT('Origin',(23.1939761323793,-20.760834933292,25.295));
#2539=CARTESIAN_POINT('Origin',(23.1939761323793,-20.760834933292,29.295));
#2540=CARTESIAN_POINT('Origin',(32.1939761323793,-3.355417716646,25.295));
#2541=CARTESIAN_POINT('',(32.1939761323793,-11.710834933292,29.295));
#2542=CARTESIAN_POINT('',(28.1939761323793,-11.710834933292,25.295));
#2543=CARTESIAN_POINT('Origin',(32.1939761323793,-11.710834933292,25.295));
#2544=CARTESIAN_POINT('',(28.1939761323793,-3.355417716646,25.295));
#2545=CARTESIAN_POINT('',(32.1939761323793,-3.355417716646,29.295));
#2546=CARTESIAN_POINT('Origin',(23.1939761323793,-11.710834933292,25.295));
#2547=CARTESIAN_POINT('',(23.1939761323793,-2.710834933292,29.295));
#2548=CARTESIAN_POINT('',(23.1939761323793,-6.710834933292,25.295));
#2549=CARTESIAN_POINT('Origin',(23.1939761323793,-2.710834933292,25.295));
#2550=CARTESIAN_POINT('Origin',(23.1939761323793,-11.710834933292,25.295));
#2551=CARTESIAN_POINT('Origin',(23.1939761323793,-11.710834933292,29.295));
#2552=CARTESIAN_POINT('Origin',(4.51063581618965,-2.710834933292,25.295));
#2553=CARTESIAN_POINT('',(14.1439761323793,-2.710834933292,29.295));
#2554=CARTESIAN_POINT('',(14.1439761323793,-6.710834933292,25.295));
#2555=CARTESIAN_POINT('Origin',(14.1439761323793,-2.710834933292,25.295));
#2556=CARTESIAN_POINT('',(4.51063581618965,-6.710834933292,25.295));
#2557=CARTESIAN_POINT('',(4.51063581618965,-2.710834933292,29.295));
#2558=CARTESIAN_POINT('Ctrl Pts',(14.1439761323793,-2.710834933292,29.295));
#2559=CARTESIAN_POINT('Ctrl Pts',(13.1439761323793,-2.710834933292,29.295));
#2560=CARTESIAN_POINT('Ctrl Pts',(13.1439761323793,-1.710834933292,29.295));
#2561=CARTESIAN_POINT('Ctrl Pts',(14.1439761323793,-6.710834933292,29.295));
#2562=CARTESIAN_POINT('Ctrl Pts',(9.14397613237931,-6.710834933292,29.295));
#2563=CARTESIAN_POINT('Ctrl Pts',(9.14397613237931,-1.710834933292,29.295));
#2564=CARTESIAN_POINT('Ctrl Pts',(14.1439761323793,-6.710834933292,25.295));
#2565=CARTESIAN_POINT('Ctrl Pts',(9.14397613237931,-6.710834933292,25.295));
#2566=CARTESIAN_POINT('Ctrl Pts',(9.14397613237931,-1.710834933292,25.295));
#2567=CARTESIAN_POINT('',(13.1439761323793,-1.710834933292,29.295));
#2568=CARTESIAN_POINT('',(9.14397613237931,-1.710834933292,25.295));
#2569=CARTESIAN_POINT('Origin',(13.1439761323793,-1.710834933292,25.295));
#2570=CARTESIAN_POINT('Origin',(14.1439761323793,-1.710834933292,25.295));
#2571=CARTESIAN_POINT('Origin',(14.1439761323793,-1.710834933292,29.295));
#2572=CARTESIAN_POINT('Origin',(13.1439761323793,6.169582283354,25.295));
#2573=CARTESIAN_POINT('',(13.1439761323793,10.6067651330827,29.295));
#2574=CARTESIAN_POINT('',(9.14397613237931,10.6067651330827,25.295));
#2575=CARTESIAN_POINT('Origin',(13.1439761323793,10.6067651330827,25.295));
#2576=CARTESIAN_POINT('',(9.14397613237931,6.169582283354,25.295));
#2577=CARTESIAN_POINT('',(13.1439761323793,6.169582283354,29.295));
#2578=CARTESIAN_POINT('Origin',(5.700016,15.9639600411282,25.295));
#2579=CARTESIAN_POINT('',(9.92199606618966,13.2853625871054,25.295));
#2580=CARTESIAN_POINT('',(13.2995801191414,11.1424846238872,29.295));
#2581=CARTESIAN_POINT('Origin',(13.2995801191414,11.1424846238872,25.295));
#2582=CARTESIAN_POINT('',(14.700016,15.9639600411282,29.295));
#2583=CARTESIAN_POINT('Origin',(5.700016,15.9639600411282,29.295));
#2584=CARTESIAN_POINT('',(10.700016,15.9639600411282,25.295));
#2585=CARTESIAN_POINT('Origin',(14.700016,15.9639600411282,25.295));
#2586=CARTESIAN_POINT('Origin',(5.700016,15.9639600411282,25.295));
#2587=CARTESIAN_POINT('Origin',(14.700016,14.11649675,25.295));
#2588=CARTESIAN_POINT('',(14.700016,23.232994,29.295));
#2589=CARTESIAN_POINT('',(10.700016,23.232994,25.295));
#2590=CARTESIAN_POINT('Origin',(14.700016,23.232994,25.295));
#2591=CARTESIAN_POINT('',(10.700016,14.11649675,25.295));
#2592=CARTESIAN_POINT('',(14.700016,14.11649675,29.295));
#2593=CARTESIAN_POINT('Origin',(5.700016,23.232994,25.295));
#2594=CARTESIAN_POINT('',(5.700016,32.232994,29.295));
#2595=CARTESIAN_POINT('',(5.700016,28.232994,25.295));
#2596=CARTESIAN_POINT('Origin',(5.700016,32.232994,25.295));
#2597=CARTESIAN_POINT('Origin',(5.700016,23.232994,25.295));
#2598=CARTESIAN_POINT('Origin',(5.700016,23.232994,29.295));
#2599=CARTESIAN_POINT('Origin',(-16.48634425,32.232994,25.295));
#2600=CARTESIAN_POINT('',(-27.849984,32.232994,29.295));
#2601=CARTESIAN_POINT('',(-27.849984,28.232994,25.295));
#2602=CARTESIAN_POINT('Origin',(-27.849984,32.232994,25.295));
#2603=CARTESIAN_POINT('',(-16.48634425,28.232994,25.295));
#2604=CARTESIAN_POINT('',(-16.48634425,32.232994,29.295));
#2605=CARTESIAN_POINT('Origin',(-27.849984,23.232994,25.295));
#2606=CARTESIAN_POINT('',(-36.849984,23.232994,29.295));
#2607=CARTESIAN_POINT('',(-32.849984,23.232994,25.295));
#2608=CARTESIAN_POINT('Origin',(-36.849984,23.232994,25.295));
#2609=CARTESIAN_POINT('Origin',(-27.849984,23.232994,25.295));
#2610=CARTESIAN_POINT('Origin',(-27.849984,23.232994,29.295));
#2611=CARTESIAN_POINT('Origin',(-27.849984,23.232994,29.295));
#2612=CARTESIAN_POINT('Origin',(-36.849984,6.169582283354,25.295));
#2613=CARTESIAN_POINT('',(-36.849984,17.339165066708,29.295));
#2614=CARTESIAN_POINT('',(-32.849984,17.339165066708,25.295));
#2615=CARTESIAN_POINT('Origin',(-36.849984,17.339165066708,25.295));
#2616=CARTESIAN_POINT('',(-32.849984,6.169582283354,25.295));
#2617=CARTESIAN_POINT('',(-36.849984,6.169582283354,29.295));
#2618=CARTESIAN_POINT('Origin',(-27.849984,17.339165066708,25.295));
#2619=CARTESIAN_POINT('',(-27.849984,8.339165066708,29.295));
#2620=CARTESIAN_POINT('',(-27.849984,12.339165066708,25.295));
#2621=CARTESIAN_POINT('Origin',(-27.849984,8.339165066708,25.295));
#2622=CARTESIAN_POINT('Origin',(-27.849984,17.339165066708,25.295));
#2623=CARTESIAN_POINT('Origin',(-27.849984,17.339165066708,29.295));
#2624=CARTESIAN_POINT('Origin',(-5.01436418381035,8.339165066708,25.295));
#2625=CARTESIAN_POINT('',(-26.224984,9.137994,29.2144224492054));
#2626=CARTESIAN_POINT('',(-26.224984,12.339165066708,25.295));
#2627=CARTESIAN_POINT('Origin',(-26.224984,8.339165066708,25.295));
#2628=CARTESIAN_POINT('',(-5.01436418381035,12.339165066708,25.295));
#2629=CARTESIAN_POINT('',(-26.224984,8.339165066708,29.295));
#2630=CARTESIAN_POINT('',(-5.01436418381035,8.339165066708,29.295));
#2631=CARTESIAN_POINT('Origin',(-26.224984,8.339165066708,25.295));
#2632=CARTESIAN_POINT('Ctrl Pts',(13.1439761323793,10.6067651330827,29.295));
#2633=CARTESIAN_POINT('Ctrl Pts',(13.1439761323793,10.8972230862335,29.295));
#2634=CARTESIAN_POINT('Ctrl Pts',(13.2995801191414,11.1424846238872,29.295));
#2635=CARTESIAN_POINT('Ctrl Pts',(9.14397613237931,10.6067651330827,29.295));
#2636=CARTESIAN_POINT('Ctrl Pts',(9.14397613237931,12.0590548988366,29.295));
#2637=CARTESIAN_POINT('Ctrl Pts',(9.92199606618966,13.2853625871054,29.295));
#2638=CARTESIAN_POINT('Ctrl Pts',(9.14397613237931,10.6067651330827,25.295));
#2639=CARTESIAN_POINT('Ctrl Pts',(9.14397613237931,12.0590548988366,25.295));
#2640=CARTESIAN_POINT('Ctrl Pts',(9.92199606618966,13.2853625871054,25.295));
#2641=CARTESIAN_POINT('Origin',(14.1439761323793,10.6067651330827,25.295));
#2642=CARTESIAN_POINT('Origin',(14.1439761323793,10.6067651330827,29.295));
#2643=CARTESIAN_POINT('Origin',(-5.01436418381035,8.339165066708,25.295));
#2644=CARTESIAN_POINT('',(-15.214984,10.147994,28.8626515931472));
#2645=CARTESIAN_POINT('',(-14.9060238676207,10.0995779207267,28.8867887721031));
#2646=CARTESIAN_POINT('Ctrl Pts',(-15.214984,10.147994,28.8626515931472));
#2647=CARTESIAN_POINT('Ctrl Pts',(-15.1133282722226,10.147994,28.8626515931472));
#2648=CARTESIAN_POINT('Ctrl Pts',(-15.0070162070753,10.1320270974388,28.8708847333606));
#2649=CARTESIAN_POINT('Ctrl Pts',(-14.9060238676207,10.0995779207267,28.8867887721031));
#2650=CARTESIAN_POINT('',(-14.9060238676207,12.339165066708,25.295));
#2651=CARTESIAN_POINT('Origin',(-14.9060238676207,8.339165066708,25.295));
#2652=CARTESIAN_POINT('',(-5.01436418381035,12.339165066708,25.295));
#2653=CARTESIAN_POINT('',(-25.214984,10.147994,28.8626515931472));
#2654=CARTESIAN_POINT('Ctrl Pts',(-26.224984,9.137994,29.2144224492054));
#2655=CARTESIAN_POINT('Ctrl Pts',(-26.224984,9.26674349067571,29.1881816395884));
#2656=CARTESIAN_POINT('Ctrl Pts',(-26.1989843520195,9.40236330525257,29.1532994001846));
#2657=CARTESIAN_POINT('Ctrl Pts',(-26.0956654446374,9.65038836357865,29.0762112105913));
#2658=CARTESIAN_POINT('Ctrl Pts',(-26.0184220271981,9.76291167079868,29.0342837869526));
#2659=CARTESIAN_POINT('Ctrl Pts',(-25.8412353122363,9.94009838576053,28.9618834700092));
#2660=CARTESIAN_POINT('Ctrl Pts',(-25.7292633214282,10.0176177412577,28.9262700845898));
#2661=CARTESIAN_POINT('Ctrl Pts',(-25.4809281273782,10.1216070579531,28.8763721574928));
#2662=CARTESIAN_POINT('Ctrl Pts',(-25.3444171895079,10.147994,28.8626515931472));
#2663=CARTESIAN_POINT('Ctrl Pts',(-25.214984,10.147994,28.8626515931472));
#2664=CARTESIAN_POINT('',(-5.01436418381035,10.147994,28.8626515931472));
#2665=CARTESIAN_POINT('Ctrl Pts',(-14.9060238676207,8.339165066708,29.295));
#2666=CARTESIAN_POINT('Ctrl Pts',(-14.4968061738336,8.339165066708,29.295));
#2667=CARTESIAN_POINT('Ctrl Pts',(-14.204984,8.05228714882743,29.295));
#2668=CARTESIAN_POINT('Ctrl Pts',(-14.9060238676207,12.339165066708,29.295));
#2669=CARTESIAN_POINT('Ctrl Pts',(-12.8599353986851,12.339165066708,29.295));
#2670=CARTESIAN_POINT('Ctrl Pts',(-11.4008245295172,10.9047754773052,29.295));
#2671=CARTESIAN_POINT('Ctrl Pts',(-14.9060238676207,12.339165066708,25.295));
#2672=CARTESIAN_POINT('Ctrl Pts',(-12.8599353986851,12.339165066708,25.295));
#2673=CARTESIAN_POINT('Ctrl Pts',(-11.4008245295172,10.9047754773052,25.295));
#2674=CARTESIAN_POINT('',(-14.204984,9.137994,29.1852404906226));
#2675=CARTESIAN_POINT('Ctrl Pts',(-14.204984,9.137994,29.1852404906226));
#2676=CARTESIAN_POINT('Ctrl Pts',(-14.204984,9.07922323075172,29.1983397628612));
#2677=CARTESIAN_POINT('Ctrl Pts',(-14.204984,9.01998316763617,29.2102330045951));
#2678=CARTESIAN_POINT('Ctrl Pts',(-14.204984,8.65314153275721,29.2759659440507));
#2679=CARTESIAN_POINT('Ctrl Pts',(-14.204984,8.33874205016234,29.295));
#2680=CARTESIAN_POINT('Ctrl Pts',(-14.204984,8.05228714882743,29.295));
#2681=CARTESIAN_POINT('Origin',(-14.9060238676207,7.339165066708,25.295));
#2682=CARTESIAN_POINT('Ctrl Pts',(-14.9060238676207,10.0995779207267,28.8867887721031));
#2683=CARTESIAN_POINT('Ctrl Pts',(-14.8179903932394,10.071292470739,28.9006520789119));
#2684=CARTESIAN_POINT('Ctrl Pts',(-14.7345560149899,10.0311489547968,28.9178563807635));
#2685=CARTESIAN_POINT('Ctrl Pts',(-14.5434105864677,9.90476614584453,28.9668456422285));
#2686=CARTESIAN_POINT('Ctrl Pts',(-14.4461487410973,9.80691690383333,29.0010883559199));
#2687=CARTESIAN_POINT('Ctrl Pts',(-14.3096850413446,9.59966071457484,29.0660563049437));
#2688=CARTESIAN_POINT('Ctrl Pts',(-14.2639575128735,9.49617651672997,29.0960515420076));
#2689=CARTESIAN_POINT('Ctrl Pts',(-14.2155468095816,9.30603908152128,29.1460066540258));
#2690=CARTESIAN_POINT('Ctrl Pts',(-14.204984,9.22233673773083,29.1664415452112));
#2691=CARTESIAN_POINT('Ctrl Pts',(-14.204984,9.137994,29.1852404906226));
#2692=CARTESIAN_POINT('Origin',(-28.9560238676207,-6.710834933292,22.6));
#2693=CARTESIAN_POINT('',(-23.9560238676207,-6.710834933292,22.6));
#2694=CARTESIAN_POINT('',(-23.9560238676207,-6.710834933292,22.6));
#2695=CARTESIAN_POINT('',(-14.9060238676207,-6.710834933292,22.6));
#2696=CARTESIAN_POINT('',(28.1939761323793,-6.710834933292,22.6));
#2697=CARTESIAN_POINT('',(-14.9060238676207,-6.710834933292,22.6));
#2698=CARTESIAN_POINT('Origin',(-23.9560238676207,-11.710834933292,22.6));
#2699=CARTESIAN_POINT('',(-28.9560238676207,-11.710834933292,22.6));
#2700=CARTESIAN_POINT('',(-28.9560238676207,-11.710834933292,22.6));
#2701=CARTESIAN_POINT('Origin',(-23.9560238676207,-11.710834933292,22.6));
#2702=CARTESIAN_POINT('Origin',(-28.9560238676207,-25.760834933292,22.6));
#2703=CARTESIAN_POINT('',(-28.9560238676207,-20.760834933292,22.6));
#2704=CARTESIAN_POINT('',(-28.9560238676207,-20.760834933292,22.6));
#2705=CARTESIAN_POINT('',(-28.9560238676207,-25.760834933292,22.6));
#2706=CARTESIAN_POINT('Origin',(-23.9560238676207,-20.760834933292,22.6));
#2707=CARTESIAN_POINT('',(-23.9560238676207,-25.760834933292,22.6));
#2708=CARTESIAN_POINT('',(-23.9560238676207,-25.760834933292,22.6));
#2709=CARTESIAN_POINT('Origin',(-23.9560238676207,-20.760834933292,22.6));
#2710=CARTESIAN_POINT('Origin',(28.1939761323793,-25.760834933292,22.6));
#2711=CARTESIAN_POINT('',(23.1939761323793,-25.760834933292,22.6));
#2712=CARTESIAN_POINT('',(23.1939761323793,-25.760834933292,22.6));
#2713=CARTESIAN_POINT('',(28.1939761323793,-25.760834933292,22.6));
#2714=CARTESIAN_POINT('Origin',(23.1939761323793,-20.760834933292,22.6));
#2715=CARTESIAN_POINT('',(28.1939761323793,-20.760834933292,22.6));
#2716=CARTESIAN_POINT('',(28.1939761323793,-20.760834933292,22.6));
#2717=CARTESIAN_POINT('Origin',(23.1939761323793,-20.760834933292,22.6));
#2718=CARTESIAN_POINT('Origin',(28.1939761323793,-6.710834933292,22.6));
#2719=CARTESIAN_POINT('',(28.1939761323793,-11.710834933292,22.6));
#2720=CARTESIAN_POINT('',(28.1939761323793,-11.710834933292,22.6));
#2721=CARTESIAN_POINT('',(28.1939761323793,12.339165066708,22.6));
#2722=CARTESIAN_POINT('Origin',(23.1939761323793,-11.710834933292,22.6));
#2723=CARTESIAN_POINT('',(23.1939761323793,-6.710834933292,22.6));
#2724=CARTESIAN_POINT('',(23.1939761323793,-6.710834933292,22.6));
#2725=CARTESIAN_POINT('Origin',(23.1939761323793,-11.710834933292,22.6));
#2726=CARTESIAN_POINT('Origin',(9.14397613237931,-6.710834933292,22.6));
#2727=CARTESIAN_POINT('',(14.1439761323793,-6.710834933292,22.6));
#2728=CARTESIAN_POINT('',(14.1439761323793,-6.710834933292,22.6));
#2729=CARTESIAN_POINT('',(28.1939761323793,-6.710834933292,22.6));
#2730=CARTESIAN_POINT('Origin',(14.1439761323793,-1.710834933292,22.6));
#2731=CARTESIAN_POINT('',(9.14397613237931,-1.710834933292,22.6));
#2732=CARTESIAN_POINT('',(9.14397613237931,-1.710834933292,22.6));
#2733=CARTESIAN_POINT('Origin',(14.1439761323793,-1.710834933292,22.6));
#2734=CARTESIAN_POINT('Origin',(9.14397613237931,12.339165066708,22.6));
#2735=CARTESIAN_POINT('',(9.14397613237931,10.6067651330827,22.6));
#2736=CARTESIAN_POINT('',(9.14397613237931,10.6067651330827,22.6));
#2737=CARTESIAN_POINT('',(9.14397613237931,-25.760834933292,22.6));
#2738=CARTESIAN_POINT('Origin',(14.1439761323793,10.6067651330827,22.6));
#2739=CARTESIAN_POINT('',(9.92199606618966,13.2853625871054,22.6));
#2740=CARTESIAN_POINT('',(9.92199606618966,13.2853625871054,22.6));
#2741=CARTESIAN_POINT('Origin',(14.1439761323793,10.6067651330827,22.6));
#2742=CARTESIAN_POINT('Origin',(5.700016,15.9639600411282,22.6));
#2743=CARTESIAN_POINT('',(10.700016,15.9639600411282,22.6));
#2744=CARTESIAN_POINT('',(10.700016,15.9639600411282,22.6));
#2745=CARTESIAN_POINT('Origin',(5.700016,15.9639600411282,22.6));
#2746=CARTESIAN_POINT('Origin',(-0.122704499999999,-5.00000001402157E-7,
29.295));
#2747=CARTESIAN_POINT('',(38.409586,-19.35100325,29.295));
#2748=CARTESIAN_POINT('',(21.64344075,33.702005,29.295));
#2749=CARTESIAN_POINT('',(-14.204984,-0.662005999999998,29.295));
#2750=CARTESIAN_POINT('',(-14.204984,-0.662005999999998,29.295));
#2751=CARTESIAN_POINT('',(-15.214984,-1.672006,29.295));
#2752=CARTESIAN_POINT('Origin',(-15.214984,-0.662005999999997,29.295));
#2753=CARTESIAN_POINT('',(-25.214984,-1.672006,29.295));
#2754=CARTESIAN_POINT('',(-25.214984,-1.672006,29.295));
#2755=CARTESIAN_POINT('',(-26.224984,-0.662006000000002,29.295));
#2756=CARTESIAN_POINT('Origin',(-25.214984,-0.662006000000004,29.295));
#2757=CARTESIAN_POINT('',(-26.224984,9.137994,29.295));
#2758=CARTESIAN_POINT('Origin',(-14.204984,9.137994,22.6));
#2759=CARTESIAN_POINT('',(-14.204984,9.137994,22.6));
#2760=CARTESIAN_POINT('',(-14.204984,9.137994,22.6));
#2761=CARTESIAN_POINT('',(-14.204984,-0.662005999999998,22.6));
#2762=CARTESIAN_POINT('',(-14.204984,-0.662005999999998,22.6));
#2763=CARTESIAN_POINT('',(-14.204984,-0.662005999999998,22.6));
#2764=CARTESIAN_POINT('Origin',(-15.214984,9.137994,22.6));
#2765=CARTESIAN_POINT('',(-15.214984,10.147994,22.6));
#2766=CARTESIAN_POINT('',(-15.214984,10.147994,22.6));
#2767=CARTESIAN_POINT('Origin',(-15.214984,9.137994,22.6));
#2768=CARTESIAN_POINT('Origin',(-0.122704499999999,-5.00000001402157E-7,
22.6));
#2769=CARTESIAN_POINT('',(-38.654995,38.702005,22.6));
#2770=CARTESIAN_POINT('',(-43.654995,33.702005,22.6));
#2771=CARTESIAN_POINT('Origin',(-38.654995,33.702005,22.6));
#2772=CARTESIAN_POINT('',(38.409586,38.702005,22.6));
#2773=CARTESIAN_POINT('',(-43.654995,38.702005,22.6));
#2774=CARTESIAN_POINT('',(43.409586,33.702005,22.6));
#2775=CARTESIAN_POINT('Origin',(38.409586,33.702005,22.6));
#2776=CARTESIAN_POINT('',(43.409586,-33.702006,22.6));
#2777=CARTESIAN_POINT('',(43.409586,38.702005,22.6));
#2778=CARTESIAN_POINT('',(38.409586,-38.702006,22.6));
#2779=CARTESIAN_POINT('Origin',(38.409586,-33.702006,22.6));
#2780=CARTESIAN_POINT('',(-38.654995,-38.702006,22.6));
#2781=CARTESIAN_POINT('',(43.409586,-38.702006,22.6));
#2782=CARTESIAN_POINT('',(-43.654995,-33.702006,22.6));
#2783=CARTESIAN_POINT('Origin',(-38.654995,-33.702006,22.6));
#2784=CARTESIAN_POINT('',(-43.654995,-38.702006,22.6));
#2785=CARTESIAN_POINT('',(-25.214984,10.147994,22.6));
#2786=CARTESIAN_POINT('',(-15.214984,10.147994,22.6));
#2787=CARTESIAN_POINT('',(-26.224984,9.137994,22.6));
#2788=CARTESIAN_POINT('Origin',(-25.214984,9.137994,22.6));
#2789=CARTESIAN_POINT('',(-26.224984,-0.662006000000002,22.6));
#2790=CARTESIAN_POINT('',(-26.224984,9.137994,22.6));
#2791=CARTESIAN_POINT('',(-25.214984,-1.672006,22.6));
#2792=CARTESIAN_POINT('Origin',(-25.214984,-0.662006000000004,22.6));
#2793=CARTESIAN_POINT('',(-15.214984,-1.672006,22.6));
#2794=CARTESIAN_POINT('',(-25.214984,-1.672006,22.6));
#2795=CARTESIAN_POINT('Origin',(-15.214984,-0.662005999999997,22.6));
#2796=CARTESIAN_POINT('',(10.700016,23.232994,22.6));
#2797=CARTESIAN_POINT('',(10.700016,28.232994,22.6));
#2798=CARTESIAN_POINT('',(5.700016,28.232994,22.6));
#2799=CARTESIAN_POINT('Origin',(5.700016,23.232994,22.6));
#2800=CARTESIAN_POINT('',(-27.849984,28.232994,22.6));
#2801=CARTESIAN_POINT('',(-32.849984,28.232994,22.6));
#2802=CARTESIAN_POINT('',(-32.849984,23.232994,22.6));
#2803=CARTESIAN_POINT('Origin',(-27.849984,23.232994,22.6));
#2804=CARTESIAN_POINT('',(-32.849984,17.339165066708,22.6));
#2805=CARTESIAN_POINT('',(-32.849984,10.882994,22.6));
#2806=CARTESIAN_POINT('',(-27.849984,12.339165066708,22.6));
#2807=CARTESIAN_POINT('Origin',(-27.849984,17.339165066708,22.6));
#2808=CARTESIAN_POINT('',(-14.9060238676207,12.339165066708,22.6));
#2809=CARTESIAN_POINT('',(-28.9560238676207,12.339165066708,22.6));
#2810=CARTESIAN_POINT('',(-9.90602386762069,7.339165066708,22.6));
#2811=CARTESIAN_POINT('Origin',(-14.9060238676207,7.339165066708,22.6));
#2812=CARTESIAN_POINT('',(-9.90602386762069,-1.710834933292,22.6));
#2813=CARTESIAN_POINT('',(-9.90602386762069,12.339165066708,22.6));
#2814=CARTESIAN_POINT('Origin',(-14.9060238676207,-1.710834933292,22.6));
#2815=CARTESIAN_POINT('Origin',(-14.9060238676207,7.339165066708,22.6));
#2816=CARTESIAN_POINT('',(-9.90602386762069,7.339165066708,22.6));
#2817=CARTESIAN_POINT('',(-14.9060238676207,12.339165066708,22.6));
#2818=CARTESIAN_POINT('Origin',(-9.90602386762069,-6.710834933292,22.6));
#2819=CARTESIAN_POINT('',(-9.90602386762069,-1.710834933292,22.6));
#2820=CARTESIAN_POINT('Origin',(-14.9060238676207,-1.710834933292,22.6));
#2821=CARTESIAN_POINT('Origin',(-27.849984,23.232994,22.6));
#2822=CARTESIAN_POINT('',(-32.849984,23.232994,22.6));
#2823=CARTESIAN_POINT('',(-27.849984,28.232994,22.6));
#2824=CARTESIAN_POINT('Origin',(-32.849984,28.232994,22.6));
#2825=CARTESIAN_POINT('',(5.700016,28.232994,22.6));
#2826=CARTESIAN_POINT('Origin',(-27.849984,17.339165066708,22.6));
#2827=CARTESIAN_POINT('',(-27.849984,12.339165066708,22.6));
#2828=CARTESIAN_POINT('',(-32.849984,17.339165066708,22.6));
#2829=CARTESIAN_POINT('Origin',(-32.849984,12.339165066708,22.6));
#2830=CARTESIAN_POINT('Origin',(5.700016,23.232994,22.6));
#2831=CARTESIAN_POINT('',(10.700016,23.232994,22.6));
#2832=CARTESIAN_POINT('Origin',(10.700016,28.232994,22.6));
#2833=CARTESIAN_POINT('Origin',(38.409586,-19.35100325,24.295));
#2834=CARTESIAN_POINT('',(43.409586,-19.35100325,24.295));
#2835=CARTESIAN_POINT('Origin',(21.64344075,33.702005,24.295));
#2836=CARTESIAN_POINT('',(-38.654995,38.702005,24.295));
#2837=CARTESIAN_POINT('',(21.64344075,38.702005,24.295));
#2838=CARTESIAN_POINT('Origin',(-38.654995,33.702005,24.295));
#2839=CARTESIAN_POINT('Origin',(-38.654995,33.702005,24.295));
#2840=CARTESIAN_POINT('Origin',(-38.654995,33.702005,24.295));
#2841=CARTESIAN_POINT('Origin',(-38.654995,-33.702006,22.6));
#2842=CARTESIAN_POINT('',(-43.654995,-33.702006,22.6));
#2843=CARTESIAN_POINT('',(-38.654995,-38.702006,22.6));
#2844=CARTESIAN_POINT('Origin',(-43.654995,38.702005,22.6));
#2845=CARTESIAN_POINT('',(-43.654995,33.702005,22.6));
#2846=CARTESIAN_POINT('Origin',(-38.654995,33.702005,22.6));
#2847=CARTESIAN_POINT('',(-38.654995,38.702005,22.6));
#2848=CARTESIAN_POINT('Origin',(43.409586,38.702005,22.6));
#2849=CARTESIAN_POINT('',(38.409586,38.702005,22.6));
#2850=CARTESIAN_POINT('Origin',(38.409586,33.702005,22.6));
#2851=CARTESIAN_POINT('',(43.409586,33.702005,22.6));
#2852=CARTESIAN_POINT('Origin',(43.409586,-38.702006,22.6));
#2853=CARTESIAN_POINT('',(43.409586,-33.702006,22.6));
#2854=CARTESIAN_POINT('Origin',(38.409586,-33.702006,22.6));
#2855=CARTESIAN_POINT('',(38.409586,-38.702006,22.6));
#2856=CARTESIAN_POINT('Origin',(-25.214984,9.137994,22.6));
#2857=CARTESIAN_POINT('',(-26.224984,9.137994,22.6));
#2858=CARTESIAN_POINT('',(-25.214984,10.147994,22.6));
#2859=CARTESIAN_POINT('Origin',(-26.224984,-0.662006000000002,22.6));
#2860=CARTESIAN_POINT('',(-26.224984,-0.662006000000002,22.6));
#2861=CARTESIAN_POINT('Origin',(-25.214984,-0.662006000000004,22.6));
#2862=CARTESIAN_POINT('',(-25.214984,-1.672006,22.6));
#2863=CARTESIAN_POINT('Origin',(-15.214984,-1.672006,22.6));
#2864=CARTESIAN_POINT('',(-15.214984,-1.672006,22.6));
#2865=CARTESIAN_POINT('Origin',(-15.214984,-0.662005999999997,22.6));
#2866=CARTESIAN_POINT('Origin',(-25.214984,10.147994,22.6));
#2867=CARTESIAN_POINT('Origin',(-9.90602386762069,12.339165066708,22.6));
#2868=CARTESIAN_POINT('Origin',(-43.654995,-38.702006,22.6));
#2869=UNCERTAINTY_MEASURE_WITH_UNIT(LENGTH_MEASURE(0.01),#2873,
'DISTANCE_ACCURACY_VALUE',
'Maximum model space distance between geometric entities at asserted c
onnectivities');
#2870=UNCERTAINTY_MEASURE_WITH_UNIT(LENGTH_MEASURE(0.01),#2873,
'DISTANCE_ACCURACY_VALUE',
'Maximum model space distance between geometric entities at asserted c
onnectivities');
#2871=(
GEOMETRIC_REPRESENTATION_CONTEXT(3)
GLOBAL_UNCERTAINTY_ASSIGNED_CONTEXT((#2869))
GLOBAL_UNIT_ASSIGNED_CONTEXT((#2873,#2875,#2876))
REPRESENTATION_CONTEXT('','3D')
);
#2872=(
GEOMETRIC_REPRESENTATION_CONTEXT(3)
GLOBAL_UNCERTAINTY_ASSIGNED_CONTEXT((#2870))
GLOBAL_UNIT_ASSIGNED_CONTEXT((#2873,#2875,#2876))
REPRESENTATION_CONTEXT('','3D')
);
#2873=(
LENGTH_UNIT()
NAMED_UNIT(*)
SI_UNIT(.MILLI.,.METRE.)
);
#2874=(
LENGTH_UNIT()
NAMED_UNIT(*)
SI_UNIT($,.METRE.)
);
#2875=(
NAMED_UNIT(*)
PLANE_ANGLE_UNIT()
SI_UNIT($,.RADIAN.)
);
#2876=(
NAMED_UNIT(*)
SI_UNIT($,.STERADIAN.)
SOLID_ANGLE_UNIT()
);
#2877=SHAPE_DEFINITION_REPRESENTATION(#2878,#2879);
#2878=PRODUCT_DEFINITION_SHAPE('',$,#2881);
#2879=SHAPE_REPRESENTATION('',(#1541),#2871);
#2880=PRODUCT_DEFINITION_CONTEXT('part definition',#2885,'design');
#2881=PRODUCT_DEFINITION('2026-09-27-09-13-55-753','Shell',#2882,#2880);
#2882=PRODUCT_DEFINITION_FORMATION('',$,#2887);
#2883=PRODUCT_RELATED_PRODUCT_CATEGORY('Shell','Shell',(#2887));
#2884=APPLICATION_PROTOCOL_DEFINITION('international standard',
'automotive_design',2009,#2885);
#2885=APPLICATION_CONTEXT(
'Core Data for Automotive Mechanical Design Process');
#2886=PRODUCT_CONTEXT('part definition',#2885,'mechanical');
#2887=PRODUCT('2026-09-27-09-13-55-753','Shell',$,(#2886));
#2888=PRESENTATION_STYLE_ASSIGNMENT((#2890));
#2889=PRESENTATION_STYLE_ASSIGNMENT((#2891));
#2890=SURFACE_STYLE_USAGE(.BOTH.,#2892);
#2891=SURFACE_STYLE_USAGE(.BOTH.,#2893);
#2892=SURFACE_SIDE_STYLE('',(#2894));
#2893=SURFACE_SIDE_STYLE('',(#2895));
#2894=SURFACE_STYLE_FILL_AREA(#2896);
#2895=SURFACE_STYLE_FILL_AREA(#2897);
#2896=FILL_AREA_STYLE('Steel - Satin',(#2898));
#2897=FILL_AREA_STYLE('Plastic - Translucent Glossy (Yellow)',(#2899));
#2898=FILL_AREA_STYLE_COLOUR('Steel - Satin',#2900);
#2899=FILL_AREA_STYLE_COLOUR('Plastic - Translucent Glossy (Yellow)',#2901);
#2900=COLOUR_RGB('Steel - Satin',0.627450980392157,0.627450980392157,0.627450980392157);
#2901=COLOUR_RGB('Plastic - Translucent Glossy (Yellow)',0.909803921568627,
0.67843137254902,0.137254901960784);
ENDSEC;
END-ISO-10303-21;
